user_id,icecream_id,value
1444,0,3
3372,0,5
2016,0,3
4391,0,5
1815,0,1
2702,0,2
2534,0,3
3182,0,3
4303,0,2
2994,0,3
2925,0,2
2679,0,1
4585,0,3
311,0,3
542,0,5
583,0,5
237,0,5
1192,0,4
3067,0,5
5262,0,2
816,0,5
2318,0,1
6174,0,3
2967,0,2
2786,0,3
3490,0,3
853,0,3
5360,0,2
4631,0,3
3521,0,1
3342,0,2
1559,0,2
45,0,2
4675,0,1
3014,0,5
816,0,5
4047,0,3
5208,0,2
2128,0,3
72,0,5
183,0,5
872,0,1
3196,0,2
2317,0,2
2749,0,5
288,0,1
263,0,2
1254,0,2
2580,0,1
2905,0,3
1434,0,1
1792,0,2
3269,0,3
4827,0,1
2473,0,3
1200,0,2
5539,0,3
950,0,1
1261,0,4
1194,0,3
1526,0,2
1689,0,1
3582,0,2
1025,0,3
3566,0,2
3586,0,2
1964,0,5
1182,0,5
6950,0,3
2238,0,2
2670,0,5
3186,0,3
2068,0,5
591,0,2
2077,0,4
109,0,2
5549,0,5
5406,0,5
720,0,5
2884,0,1
3066,0,5
202,0,1
1208,0,5
3539,0,4
1570,0,4
3201,0,5
2828,0,5
760,0,4
6275,0,5
835,0,2
2906,0,3
1629,0,5
136,0,2
4997,0,5
5102,0,4
60,0,5
380,0,4
6500,0,3
1997,0,5
1664,0,1
2663,0,5
2457,0,4
3056,0,2
3571,0,5
1936,0,4
1991,0,3
3645,0,2
226,0,3
1118,0,2
3225,0,3
1307,0,5
1805,0,5
1519,0,2
4359,0,5
448,0,5
3166,0,4
3102,0,3
3414,0,1
1554,0,2
1004,0,5
127,0,3
2709,0,3
1382,0,5
605,0,1
6861,0,5
2237,0,5
2119,0,1
6140,0,5
209,0,5
1529,0,3
4495,0,5
1845,0,5
5730,0,5
2410,0,4
666,0,5
5708,0,5
1327,0,5
606,0,5
2730,0,5
875,0,5
6948,0,5
3593,0,5
1441,0,5
607,0,5
1912,0,5
3474,0,5
1290,0,2
1781,0,5
2745,0,5
900,0,2
509,0,5
3404,0,5
2067,0,4
5145,0,5
5283,0,5
6264,0,5
1835,0,5
440,0,5
886,0,5
2995,0,5
877,0,5
3767,0,5
1930,0,1
4235,0,5
2399,0,5
2847,0,5
1505,0,5
1195,0,5
1532,0,1
3673,0,5
6330,0,5
1053,0,5
625,0,4
1111,0,5
1082,0,5
203,0,5
2441,0,5
513,0,3
492,0,2
1662,0,5
1785,0,5
133,0,5
2563,0,5
6765,0,5
1539,0,2
6074,0,5
4579,0,5
2878,0,5
152,0,5
2596,0,5
5828,0,1
2969,0,2
1546,0,5
3461,0,2
2300,0,5
2087,0,5
1533,0,5
2554,0,5
1520,0,5
2165,0,5
4208,0,5
6308,0,5
1679,0,5
931,0,5
749,1,5
6984,1,5
1273,1,5
1936,1,5
2644,1,5
4184,1,4
3900,1,5
2658,1,5
27,1,2
1279,1,5
1423,1,2
1290,1,3
2952,1,5
3555,1,5
1726,1,5
1741,1,5
1939,1,5
2544,1,4
615,1,5
1956,1,4
2098,1,5
4810,1,5
3433,1,3
5915,1,1
168,1,4
2330,1,5
3386,1,1
6742,1,1
1842,1,5
3628,1,1
3310,1,1
6247,1,3
4598,1,1
3173,1,5
2934,1,2
3084,1,1
3006,1,1
3377,1,3
2337,1,1
6370,1,5
2100,1,3
2728,1,3
2211,1,1
1331,1,5
6367,1,2
3143,1,5
198,1,5
4098,1,4
3569,1,1
5323,1,5
2135,1,1
4638,1,5
2941,1,1
3223,1,2
2666,1,1
1219,1,1
5116,1,5
4694,1,2
446,1,5
2216,1,5
4679,1,4
182,1,1
439,1,3
3678,1,5
335,1,4
3361,1,5
3273,1,4
8,1,5
3473,1,5
945,1,5
624,1,5
4840,1,4
1405,1,5
3510,1,3
6498,1,5
431,1,5
4880,1,4
466,1,2
1262,1,5
5589,1,5
6436,1,5
1844,1,5
2942,1,5
4567,1,3
2201,1,5
3585,1,5
2894,1,5
1693,1,5
3402,1,5
1073,1,5
1787,1,5
4366,1,5
4664,1,5
1595,1,5
1401,1,5
2057,1,2
339,1,5
5739,1,5
3248,1,5
2891,1,5
117,1,5
614,1,5
5118,1,5
2431,1,4
1618,1,5
4618,1,5
3435,1,5
3152,1,5
5257,1,5
3082,1,5
3964,1,5
3233,1,3
2415,1,5
2696,1,5
4328,1,5
1214,1,5
2879,1,5
3457,1,5
1100,1,5
328,1,3
5530,1,5
2836,1,4
5796,1,5
4383,2,5
4965,2,5
3217,2,5
4396,2,5
3204,2,5
3377,2,5
2244,2,4
1494,2,5
285,2,1
1583,2,3
2002,2,5
2920,2,5
3216,2,5
5706,2,5
4452,2,5
956,2,5
938,2,5
1290,2,2
2843,2,5
1822,2,5
541,2,1
1749,2,5
6940,2,5
3251,2,1
3143,2,2
1442,2,5
2673,2,5
2296,2,1
5543,2,5
280,2,5
2992,2,1
5258,2,5
1763,2,5
2497,2,5
5799,2,5
1821,2,5
639,2,5
408,2,5
729,2,5
3709,2,2
358,2,3
6958,2,5
5746,2,5
6391,2,5
1150,2,3
3194,2,5
5891,2,5
317,2,5
2290,2,5
6452,2,5
1481,2,5
3,2,5
3700,2,5
1804,2,1
6272,2,5
998,2,5
5093,2,2
3016,2,5
3706,2,5
2058,2,5
4190,2,5
3534,2,5
637,2,5
1403,2,5
2124,2,5
6944,2,5
217,2,5
4520,2,5
2614,2,5
3650,2,5
2088,2,5
4277,2,5
3139,2,5
2074,2,5
3337,2,5
4681,2,5
3417,2,5
393,2,5
392,2,5
2148,2,5
2108,2,5
5019,2,5
663,2,5
429,2,5
731,2,5
2627,2,5
3519,2,5
2896,2,5
6713,2,5
444,2,5
2477,2,5
4109,2,5
1764,2,5
2555,2,5
491,2,5
320,2,5
6565,2,5
2210,2,5
4101,2,5
6552,2,5
6974,2,5
742,2,5
3168,2,5
1206,2,5
5619,2,5
3591,2,5
3075,2,5
2617,2,5
2213,2,5
1797,2,5
3603,2,5
840,2,5
1998,2,5
119,2,5
545,2,5
3535,2,5
50,2,5
96,2,5
2652,2,5
531,2,5
2234,2,5
2648,2,5
2959,2,5
23,2,5
1012,2,5
1990,2,5
4626,2,5
4053,2,5
1002,3,5
2841,3,5
251,3,5
3984,3,5
759,3,5
1798,3,4
851,3,5
5239,3,1
3258,3,5
3123,3,1
909,3,5
1143,3,2
749,3,5
6964,3,1
2025,3,1
2924,3,2
416,3,5
1738,3,1
4840,3,3
2418,3,4
4828,3,5
2072,3,5
6779,3,5
2450,3,5
1229,3,1
4786,3,1
1659,3,2
1011,3,2
1250,3,2
2708,3,3
2854,3,2
2488,3,4
754,3,3
1440,3,5
4173,3,1
4345,3,4
1591,3,2
2727,3,1
1493,3,5
1293,3,5
3466,3,1
171,3,5
2150,3,5
3008,3,1
2775,3,5
598,3,5
1809,3,1
2489,3,5
2576,3,5
5844,3,4
655,3,5
434,3,5
2017,3,5
1437,3,5
967,3,5
2486,3,5
1856,3,5
3743,3,2
1079,3,2
486,3,1
99,3,5
3516,3,5
957,3,5
3529,3,5
649,3,2
1083,3,5
2169,3,5
90,3,5
7013,3,5
721,4,5
1778,4,5
1321,4,5
5634,4,5
2823,4,5
3581,4,5
6895,4,1
749,4,4
1236,4,5
6743,4,5
417,4,2
2488,4,5
6184,4,5
1027,4,5
1614,4,1
422,4,1
3119,4,5
575,4,2
3104,4,4
2045,4,3
635,4,1
284,4,5
186,4,5
991,4,2
4016,4,5
6092,4,1
3548,4,5
2637,4,3
2742,4,1
1189,4,5
1247,4,5
6496,4,5
3634,4,5
3428,4,2
200,4,1
3405,4,5
930,4,5
2888,4,1
1894,4,2
2790,4,5
4703,4,3
6966,4,2
3642,4,5
1235,4,5
6852,4,5
3271,4,5
3593,4,2
1192,4,5
3118,4,5
5827,4,5
1994,4,4
6815,4,1
3237,4,3
6833,4,5
2511,4,5
1639,4,5
3222,4,5
5531,4,1
2572,4,5
6404,4,5
3147,4,1
3379,4,2
1126,4,5
1762,4,1
2130,4,5
3322,4,5
6982,4,5
2532,4,5
1734,4,5
1336,4,5
1136,4,5
499,4,5
3754,4,5
904,4,5
149,4,5
878,4,5
5844,4,5
2427,4,5
1424,4,5
3162,4,5
122,4,5
2603,4,5
1090,4,5
6906,4,1
794,4,3
5920,4,4
6746,4,1
2095,4,1
5021,4,5
4839,4,5
160,4,5
4122,4,5
3236,4,2
2781,4,5
1498,4,5
2440,4,5
6012,4,5
3244,4,4
2325,4,5
302,4,3
3243,4,5
3396,4,5
574,4,5
1950,4,5
1500,4,1
2562,4,5
2053,4,5
2371,4,1
3480,4,5
2088,4,5
1515,4,4
5508,4,5
1486,4,5
1234,4,5
3517,4,5
3245,4,5
2841,4,5
1198,4,5
4777,4,5
1562,4,5
270,4,5
2023,4,5
3238,4,5
1854,4,5
833,4,5
685,4,5
2171,4,4
5553,4,5
697,4,5
2833,4,5
3314,4,1
4937,4,5
1800,4,5
3332,4,5
3095,4,5
709,4,5
1281,4,5
522,4,5
4552,4,5
1107,4,5
504,4,5
585,4,5
6238,4,5
1593,4,5
5011,4,5
2691,4,5
5780,4,5
423,4,4
177,4,5
3482,4,5
4104,4,5
1123,4,1
1772,4,5
609,4,5
482,4,5
2527,4,5
383,4,5
3698,4,5
915,4,5
3594,4,5
5136,4,5
971,4,5
228,4,5
1351,4,5
128,4,5
1135,4,5
3429,4,5
3320,4,5
104,4,5
6756,4,4
3107,4,5
3608,4,4
3726,4,5
2680,4,5
1490,4,5
406,4,5
745,4,5
5014,4,5
2642,4,5
3193,4,5
6725,4,5
785,4,5
2051,4,5
1816,4,5
1237,4,5
103,4,5
5754,4,5
4852,4,3
1750,4,5
5751,4,5
4795,4,1
2938,4,5
865,4,5
1308,4,5
3226,4,5
2812,4,5
2732,4,5
137,4,5
2277,4,5
2459,4,5
6249,4,1
2062,4,5
7015,4,5
3697,4,5
1375,4,2
2359,4,5
2826,4,5
349,4,5
36,4,5
659,4,5
2796,4,5
5000,4,4
4657,4,5
1472,4,5
3820,4,5
29,4,4
1245,4,5
1098,4,5
3010,4,5
1380,4,5
5956,4,5
2664,4,5
576,4,5
1233,4,5
3266,4,2
2267,4,5
3966,4,5
1467,4,5
4698,4,5
1733,4,5
5581,4,5
2091,4,5
2669,4,5
106,4,5
3657,4,5
5527,4,1
586,4,5
1966,4,5
2168,4,5
2528,4,2
734,4,5
1866,4,5
2004,4,5
1387,4,5
1646,4,5
1935,4,5
4955,4,5
3352,4,5
1905,4,5
1808,4,5
2751,4,5
2968,4,5
1251,4,5
6432,4,5
3662,4,5
1627,4,5
3172,4,5
5494,4,5
873,4,5
3624,4,5
80,4,5
1091,4,5
1928,4,5
1984,4,5
3389,4,5
6075,4,5
488,4,5
2518,4,5
3439,4,5
28,4,5
1008,4,5
3077,4,5
43,4,5
467,4,5
5368,4,5
3252,4,5
749,5,5
2687,5,5
5654,5,5
442,5,5
48,5,5
1290,5,5
2329,5,5
3031,5,5
3562,5,4
4763,5,5
3316,5,5
822,5,5
4107,5,5
1759,5,5
1635,6,5
2100,6,5
3526,6,5
1485,6,5
982,6,5
5087,6,5
169,6,5
437,6,5
672,6,5
1871,6,1
5245,7,5
5689,7,5
1196,7,5
3459,7,5
1161,7,5
4639,8,5
2866,8,5
2244,8,4
3593,8,5
4575,8,5
135,8,5
1925,8,5
1516,8,5
778,8,5
3127,8,5
6846,8,5
1543,8,5
3207,8,5
1594,8,4
1171,8,5
63,8,5
4522,8,5
5115,8,5
1072,8,5
1855,8,5
4770,8,5
2889,8,5
1080,8,5
1290,8,5
4646,8,5
595,8,5
1657,8,5
2032,8,5
402,8,5
6443,8,5
1179,8,5
4286,8,5
4667,8,5
164,8,5
3606,8,5
3227,8,4
1010,8,3
337,8,5
1431,8,5
4969,8,5
3984,8,2
1654,8,5
2957,8,5
3596,8,1
687,8,5
2152,8,5
1836,8,5
3148,8,1
1645,8,5
6976,8,5
1291,8,5
5921,8,3
1406,8,1
5700,8,5
1231,8,5
1628,8,5
1001,8,5
1110,8,1
2964,8,1
3293,8,1
5781,8,1
5678,8,1
2232,8,1
2660,8,5
2564,8,5
266,8,5
3615,8,5
913,8,1
61,8,5
498,8,5
3184,8,1
315,8,5
2141,8,5
1225,8,1
5830,8,4
6130,8,5
2973,8,5
1717,8,1
3350,8,5
923,8,1
1170,8,5
3692,8,5
4980,8,5
626,8,5
425,8,5
6252,8,5
1623,8,5
1418,8,5
629,8,5
2315,8,5
310,8,1
70,8,5
4859,8,5
4321,8,4
3572,8,5
2390,8,5
4986,8,5
1363,8,5
2120,8,5
5016,8,5
5658,8,5
1264,8,5
3354,8,4
1017,8,5
3370,8,5
3199,8,5
2158,9,5
2033,9,5
5604,9,5
4852,9,5
131,9,1
420,9,5
6579,9,5
1412,9,5
1459,9,5
5062,9,5
3068,9,5
2515,9,5
3460,9,5
3699,9,5
6675,9,5
702,9,5
660,9,5
511,9,5
3510,9,5
4302,9,5
2024,9,5
6688,9,5
1125,9,5
6341,9,5
6365,9,5
2545,9,5
1384,9,5
740,9,5
3671,9,5
1986,9,5
4620,9,5
2522,9,5
688,9,5
2799,9,5
2392,9,5
3509,9,1
112,9,5
2575,9,5
2636,9,5
516,9,2
2870,9,5
814,10,5
6562,10,5
2076,10,5
953,10,5
150,10,5
2250,10,5
2605,10,5
2488,10,5
2824,10,2
2278,10,1
4799,10,5
6694,10,5
527,10,5
1192,10,5
4129,10,3
2421,10,5
1160,10,5
5428,10,5
3219,10,5
4519,10,5
1200,10,4
3120,10,5
974,10,5
5339,10,5
201,10,5
512,10,5
144,10,5
2387,10,5
1075,10,5
4376,10,3
167,10,3
4037,10,4
3013,10,3
5839,10,4
3115,10,5
6033,10,5
4014,10,5
5609,10,4
5571,10,5
6618,10,5
5853,10,5
658,10,5
6755,10,5
5008,10,5
4017,10,5
1509,10,5
5338,10,5
5263,10,5
1538,10,1
4835,10,5
6069,10,5
1624,10,5
5291,10,5
6677,10,5
4782,10,5
5033,10,4
4679,10,3
7012,10,5
6116,10,5
3928,10,5
6785,10,5
5306,10,4
4410,10,5
6420,10,5
4500,10,5
5522,10,4
1220,10,5
3918,10,5
2055,10,5
4860,10,5
5139,10,5
4756,10,5
6050,10,5
3831,10,5
5416,10,5
6820,10,5
5833,10,5
5933,10,5
2,10,5
6624,10,5
2931,10,4
5759,10,5
5329,10,5
6708,10,5
2411,10,5
5318,10,5
755,10,5
3958,10,5
4824,10,5
2873,10,1
725,10,5
5309,10,4
5152,10,5
6494,10,5
4933,10,4
5362,10,5
4371,10,3
1146,10,3
4738,10,5
6644,10,5
5267,10,5
6227,10,5
5687,10,5
6825,10,5
6209,10,5
4542,10,5
4232,10,5
6386,10,5
6758,10,5
5342,10,5
6843,10,4
5518,10,3
7001,10,5
5896,10,5
5487,10,5
6567,10,3
6045,10,5
4090,10,5
2916,10,5
5221,10,5
5953,10,5
5558,10,5
4665,10,5
6609,10,5
5193,10,5
5615,10,5
5230,10,5
3756,10,5
6051,10,5
4512,10,5
6992,10,5
3491,10,5
5127,10,5
7027,10,5
5443,10,5
968,10,5
4097,10,5
4422,10,5
5903,10,5
5626,10,5
4060,10,5
6202,10,5
5979,10,5
3916,10,5
5234,10,5
6453,10,5
6273,10,5
5665,10,5
4039,10,5
3805,10,5
4431,10,5
4568,10,4
6863,10,4
6469,10,4
613,10,5
5813,10,5
5643,10,5
4926,10,5
6054,10,4
3763,10,5
4045,10,5
6917,10,5
6871,10,5
3784,10,3
6583,10,5
4486,10,5
6235,10,5
6415,10,5
4201,10,5
6412,10,5
5778,10,5
5506,10,5
6259,10,3
4459,10,5
6827,10,4
4722,10,3
4710,10,5
4846,10,5
6426,10,5
5842,10,5
1878,10,5
4337,10,5
5184,10,1
4848,10,5
1211,10,5
6474,10,5
5805,10,5
6081,10,5
4616,10,5
4105,10,5
6446,10,5
5573,10,4
4730,10,5
4309,10,5
5119,10,5
4295,10,5
3951,10,3
5422,10,4
3760,10,5
5456,10,3
6187,10,5
3861,10,4
4908,10,5
334,10,5
5947,10,5
5744,10,5
3812,10,5
5408,10,5
5819,10,5
3803,10,5
6678,10,5
6902,10,5
5940,10,4
5576,10,5
5804,10,4
5117,10,5
4748,10,5
1680,10,5
6509,10,5
5927,10,5
5316,10,5
2180,10,5
4155,10,5
5762,10,5
3662,10,5
6734,10,4
3922,10,5
3910,10,5
4128,10,5
4844,10,4
4716,10,5
4487,10,5
5455,10,5
3956,10,4
5821,10,5
4478,10,5
4832,10,5
4092,10,5
6371,10,5
3990,10,5
2176,10,5
5336,10,5
3907,10,5
3885,10,5
6437,10,5
5637,10,5
3868,10,3
4050,10,5
4677,10,5
4619,10,5
5767,10,5
3872,10,4
5670,10,5
6814,10,5
1673,10,5
5384,10,5
4540,10,4
4939,10,5
6290,10,3
4962,10,5
6137,10,5
4518,10,5
4257,10,5
1026,10,5
5888,10,5
6142,10,5
4764,10,3
6704,10,5
98,10,5
5873,10,5
4597,10,5
3787,10,5
6772,10,5
6899,10,5
6287,10,5
5053,10,4
6691,10,5
5226,10,5
5501,10,5
3898,10,5
6752,10,5
5400,10,5
5425,10,5
4672,10,5
4899,10,4
5417,10,5
5601,10,5
6460,10,5
5718,10,5
6613,10,5
4960,10,5
6041,10,5
1025,10,4
4382,10,5
5647,10,5
4025,10,5
1272,10,5
4108,10,5
2864,10,5
3177,10,5
5247,10,5
4874,10,5
6938,10,5
6018,10,5
4825,10,5
1187,10,5
5803,10,5
4554,10,5
3749,10,5
4035,10,5
6560,10,5
3287,10,5
4515,10,5
4160,10,5
6516,10,3
5856,10,5
4304,10,5
41,10,5
3826,10,5
6739,10,5
5305,10,3
4102,10,5
2531,10,5
5763,10,5
6476,10,5
6775,10,5
5557,10,5
3823,10,5
4505,10,5
6667,10,5
3421,10,5
4483,10,5
5461,10,5
3994,10,5
6697,10,5
4062,10,5
4011,10,5
5901,10,5
5912,10,5
5398,10,4
5605,10,5
3946,10,5
4297,10,5
5470,10,5
5389,10,5
2107,10,4
2987,10,5
4357,10,5
582,10,5
2849,10,5
4607,10,5
3373,10,4
4008,10,5
254,10,3
662,11,5
4113,11,5
3553,11,5
4272,11,5
4085,11,5
3317,11,5
1911,11,5
2186,11,1
565,11,5
1482,12,5
3593,12,2
92,12,5
4982,12,5
3983,12,5
2099,12,5
350,12,5
1681,12,5
3984,12,5
1192,12,4
3548,12,4
5067,12,5
246,12,5
418,12,5
3450,12,5
981,12,5
6853,12,5
3072,12,4
2823,12,5
2063,12,5
1541,12,5
3908,12,5
4624,12,5
2079,12,5
2901,12,5
2298,12,5
2207,12,5
843,12,5
3425,12,5
812,12,5
2947,12,5
2170,12,5
2711,12,4
56,12,5
1425,12,3
492,13,2
3526,13,2
5588,13,3
2244,13,4
3463,13,1
2811,13,5
5438,13,5
1192,13,2
1392,13,5
2423,13,5
749,13,4
1798,13,5
2752,13,5
4998,13,3
2999,13,2
3064,13,5
642,13,2
5335,13,3
257,13,2
3580,13,1
6257,13,5
3124,13,1
5038,13,5
2905,13,1
3680,13,3
6321,13,1
4968,13,4
2613,13,1
3574,13,4
5025,13,5
2313,13,5
2647,13,1
2767,13,5
3607,13,2
3373,13,5
2646,13,5
1029,13,5
2229,13,4
2714,13,5
1480,13,1
1594,13,3
3169,13,1
641,13,5
3476,13,2
2753,13,5
294,13,5
3069,13,1
2125,13,5
2154,13,5
3324,13,2
6734,13,4
2308,13,5
847,13,1
883,13,4
788,13,5
1164,13,4
2662,13,5
2118,13,5
6769,13,2
792,13,5
1766,13,4
3156,13,5
3215,13,5
467,13,5
3334,13,5
922,13,4
1130,13,2
633,13,1
2283,13,4
3026,13,3
657,13,5
3154,13,5
2927,13,5
1754,13,5
2738,13,3
2409,13,4
3496,13,5
1586,13,5
3003,13,5
4437,13,5
2983,13,5
3547,13,5
192,13,1
1606,13,5
2880,13,1
220,13,5
3063,13,1
912,13,3
561,13,5
277,13,1
1732,13,5
1280,13,5
6732,13,5
6640,13,1
864,13,5
954,13,5
969,13,5
2075,13,5
2828,13,5
695,13,5
5341,13,5
3630,13,5
2541,13,5
1292,13,5
1070,13,5
550,13,5
2706,13,5
2223,13,5
3449,13,5
1296,13,5
2942,13,5
3874,13,5
3275,13,5
1194,13,5
115,13,5
540,13,5
2080,13,5
4687,13,5
2401,13,5
379,13,5
2993,13,5
6205,13,5
231,13,5
2462,13,5
2539,13,5
4942,13,5
1941,13,5
3378,13,5
3495,13,5
1897,13,5
942,14,1
312,14,5
2320,14,1
3486,14,5
360,14,5
1148,14,5
523,14,5
6501,14,5
1192,14,5
715,14,5
1837,14,5
2713,14,2
7025,14,2
1173,14,1
3600,14,5
4388,14,5
6627,14,5
6701,14,4
4355,14,4
6109,14,5
4680,14,4
6122,14,5
3976,14,4
879,14,2
1674,14,5
457,14,2
3886,14,5
2582,14,5
870,14,5
5220,14,4
5048,14,5
2166,14,2
18,14,5
4392,14,5
232,14,5
2630,14,3
359,14,5
4057,14,1
6699,14,5
5841,14,5
1823,14,5
3059,14,1
62,14,5
4562,14,5
4989,14,5
2516,14,5
5974,14,5
2180,14,5
5301,14,5
6653,14,5
6604,14,5
4991,14,5
3926,14,5
4780,14,5
4619,14,5
1276,14,5
6413,14,5
345,14,3
6633,14,5
5251,14,5
2746,14,5
6143,14,5
1813,14,1
4578,14,5
6599,14,5
2839,14,1
1334,14,4
6978,14,5
292,14,2
6409,14,2
5078,14,5
5006,14,5
4749,14,5
6614,14,5
4897,14,5
4240,14,5
120,14,5
677,14,1
389,14,5
346,14,5
4496,14,5
5900,14,5
4227,14,5
6237,14,2
6147,14,5
1470,14,1
6392,14,5
6265,14,5
1917,14,5
3682,14,5
2056,14,5
6181,14,5
6879,14,5
6354,14,5
4256,14,5
4298,14,3
4151,14,5
4830,14,5
3445,14,5
6292,14,4
2042,14,5
5254,14,1
5967,14,5
6448,14,5
2593,14,5
5308,14,4
5265,14,5
1294,14,5
4807,14,5
5327,14,5
5987,14,5
483,14,5
2252,14,5
341,14,5
6424,14,5
4444,14,5
4250,14,5
3299,14,5
4975,14,5
2142,14,5
711,14,5
6593,14,5
3998,14,5
4258,14,5
631,14,5
2316,14,5
748,14,5
6462,14,1
3649,14,5
4159,14,5
795,14,5
693,14,5
6686,14,5
1401,14,5
4056,14,5
2027,14,5
5018,14,5
1582,14,5
700,14,5
787,14,5
1274,14,5
3146,14,5
4310,14,5
3373,14,4
2829,14,5
2036,14,5
3837,14,5
458,14,1
3795,14,5
1323,15,5
1407,15,5
6189,15,5
388,15,1
2164,15,5
3548,15,3
2621,15,2
6411,15,2
227,15,1
6896,15,1
271,15,1
5920,15,2
421,15,3
526,15,5
3029,15,5
2407,15,2
224,15,1
1192,15,3
3043,15,1
723,15,5
571,15,4
3664,15,2
1571,15,5
5520,15,5
3496,15,5
1285,15,3
3009,15,5
1212,15,5
6760,15,1
2368,15,3
6541,15,5
1471,15,2
5594,15,2
3788,15,4
4943,15,1
1824,15,2
1309,15,2
4395,15,5
1477,15,1
2874,15,1
242,15,5
381,15,5
3234,15,3
5608,15,2
6513,15,1
3909,15,1
2771,15,1
1421,15,1
4964,15,5
3071,15,2
1476,15,1
2035,15,5
2512,15,2
3230,15,1
1158,15,5
4367,15,1
1345,15,2
2735,15,1
2926,15,3
6551,15,3
1312,15,5
2595,15,5
494,15,1
2970,15,1
5512,15,1
3704,15,2
2175,15,1
157,15,1
907,15,1
1770,15,5
2520,15,5
3149,15,1
2412,15,1
3281,15,2
1392,15,3
3005,15,1
3640,15,5
6865,15,5
3017,15,5
4831,15,1
2194,15,4
4676,15,2
1793,15,5
2736,15,5
602,15,1
905,15,5
3189,15,1
2270,15,1
1870,15,3
2912,15,5
1376,15,1
1776,15,5
1210,15,4
4015,15,5
1989,15,5
1599,15,5
5483,15,4
640,15,5
6890,15,5
3070,15,1
1578,15,5
2304,15,5
4176,15,5
2153,15,5
808,15,2
664,15,2
713,15,5
1034,15,1
4403,15,5
680,15,5
1488,15,1
365,15,1
441,15,5
805,15,5
66,15,5
2682,15,1
5678,15,5
3094,15,5
74,15,1
1267,15,5
6563,15,1
2688,15,5
645,15,5
3852,15,5
2145,15,5
25,15,5
3263,15,5
811,15,5
1975,15,1
4564,15,4
2578,15,2
2869,15,5
2403,15,2
29,15,2
2526,15,3
3298,15,5
81,15,5
752,15,5
1326,15,5
16,15,5
2335,15,1
2332,15,5
1332,15,5
2712,15,5
3420,15,3
5548,15,5
4420,15,5
1018,15,5
6058,15,5
4988,15,1
1715,15,5
2911,15,5
5590,15,5
6173,15,1
750,15,5
3313,15,5
5692,15,1
3398,15,5
4999,15,5
3185,15,4
3468,15,5
2242,15,1
6390,15,2
2253,15,5
404,15,5
3302,15,5
1368,15,5
3373,15,3
2127,15,5
1473,15,5
4660,15,1
1765,16,2
2792,16,1
728,16,2
1574,16,5
3007,16,3
3785,16,1
4601,16,1
3262,16,1
1521,16,1
1826,16,1
1192,16,5
6457,16,2
6987,16,5
2717,16,2
785,16,5
4524,16,4
826,16,1
6913,16,4
6641,16,1
5311,16,1
2651,16,5
4363,16,5
1377,16,5
229,16,2
4354,16,5
4643,16,5
1651,16,2
492,16,4
3167,16,3
6784,16,4
6889,16,1
4047,16,3
3021,16,2
3120,16,1
5770,16,1
6608,16,2
3622,16,3
6332,16,1
507,16,5
463,16,5
4147,16,5
4581,16,5
6508,16,4
2344,16,5
1605,16,2
6383,16,4
6354,16,5
4320,16,5
1537,16,5
5270,16,5
5427,16,5
5707,16,5
3953,16,5
6023,16,5
3835,16,4
5936,16,1
2943,16,1
4086,16,5
6132,16,5
3865,16,5
6592,16,5
1830,16,1
4136,16,5
2692,16,1
632,16,1
1696,16,1
6555,16,4
661,16,1
5032,16,4
6025,16,5
2917,16,1
5661,16,5
6832,16,5
6571,16,5
4316,16,4
1341,16,3
3552,16,2
6589,16,4
6398,16,5
6892,16,5
2559,16,1
3815,16,5
5286,16,4
4192,16,5
6681,16,5
5507,16,5
9,16,5
5851,16,5
6377,16,5
6453,16,5
658,16,1
6542,16,5
5566,16,4
7000,16,5
4842,16,5
5164,16,5
4671,16,5
5123,16,4
4895,16,2
2844,16,1
4682,16,5
4477,16,5
6070,16,5
5359,16,5
4029,16,5
5182,16,4
5505,16,4
3761,16,4
6422,16,5
5623,16,4
5296,16,5
6102,16,5
5932,16,5
6649,16,5
6737,16,5
5934,16,5
6826,16,5
5676,16,5
6348,16,5
6162,16,3
4130,16,5
6005,16,4
304,16,5
6911,16,5
4892,16,5
1076,16,5
827,16,1
5550,16,5
6000,16,5
3944,16,5
6243,16,3
3828,16,4
5838,16,5
4032,16,5
6159,16,5
4871,16,5
4519,16,5
6271,16,5
4781,16,5
3939,16,5
5877,16,5
6712,16,5
4659,16,5
5691,16,5
3781,16,5
6065,16,5
3853,16,4
4322,16,5
4243,16,5
5568,16,5
3963,16,4
5834,16,5
4539,16,5
5412,16,5
3821,16,5
6761,16,5
3856,16,4
6763,16,5
5474,16,5
3997,16,5
7021,16,5
2871,16,3
6134,16,5
6787,16,5
4409,16,5
5399,16,5
6897,16,5
5996,16,5
3739,16,5
6447,16,5
5381,16,5
4595,16,4
6797,16,5
6201,16,5
5491,16,5
5271,16,3
5985,16,5
7001,16,5
6998,16,5
5233,16,5
4759,16,5
4726,16,5
5448,16,4
5060,16,5
6434,16,5
4717,16,5
6116,16,5
5353,16,4
5414,16,5
3829,16,5
6831,16,5
5344,16,5
6119,16,5
6459,16,5
6191,16,5
5765,16,5
6959,16,5
5657,16,5
3766,16,5
4081,16,5
5049,16,5
6650,16,3
6170,16,4
5404,16,5
5315,16,5
5083,16,4
4611,16,2
4443,16,5
6791,16,5
5372,16,5
4482,16,5
4436,16,5
4510,16,5
6841,16,5
3867,16,4
5031,16,4
5200,16,4
5542,16,5
4199,16,5
6851,16,5
5721,16,5
4472,16,3
5091,16,5
6192,16,5
4574,16,4
4891,16,2
4307,16,5
4291,16,5
4538,16,5
6918,16,5
4869,16,5
4071,16,5
3830,16,5
4737,16,5
6488,16,5
5624,16,4
5767,16,5
5442,16,5
5388,16,4
3770,16,4
3764,16,5
6410,16,5
3742,16,5
5871,16,3
6223,16,5
6212,16,5
5578,16,5
4662,16,5
6684,16,5
6714,16,5
5866,16,5
5965,16,5
4875,16,5
6021,16,5
4912,16,2
5749,16,5
6291,16,4
4591,16,5
5085,16,5
2225,16,5
5248,16,5
4808,16,5
4546,16,5
6123,16,5
5514,16,5
5847,16,5
4673,16,5
6994,16,4
5686,16,5
6900,16,5
6195,16,5
6233,16,5
6156,16,5
5316,16,4
4249,16,4
3565,16,5
4498,16,4
6188,16,5
6260,16,5
5693,16,5
5211,16,5
6089,16,5
6255,16,5
6135,16,5
2715,16,1
4044,16,5
79,16,2
6990,16,5
5660,16,3
4439,16,5
4531,16,5
5079,16,5
4065,16,4
6360,16,5
4374,16,4
5378,16,5
5027,16,5
7011,16,5
5273,16,5
4686,16,5
100,16,3
4944,16,4
6794,16,4
3882,16,5
4013,16,4
6274,16,4
5592,16,5
3811,16,5
6353,16,3
5766,16,5
5774,16,5
4917,16,5
5719,16,5
6662,16,4
6515,16,5
5199,16,5
6438,16,5
4205,16,4
5332,16,5
3011,16,4
6835,16,5
5331,16,5
6561,16,5
4705,16,5
6001,16,5
6726,16,5
6822,16,5
3934,16,5
5957,16,4
6125,16,4
5465,16,5
6635,16,5
5161,16,4
5714,16,5
4768,16,4
5160,16,5
4143,16,5
3999,16,5
6207,16,4
4924,16,5
6034,16,5
4762,16,1
4946,16,5
4911,16,5
5333,16,4
6190,16,5
5628,16,5
5611,16,5
4244,16,5
4729,16,5
6587,16,4
6179,16,5
6672,16,5
4456,16,5
5710,16,2
4537,16,5
6967,16,5
5914,16,5
5627,16,4
6072,16,5
6724,16,5
4039,16,5
4063,16,5
6584,16,5
4255,16,5
6690,16,5
5471,16,5
6236,16,5
6032,16,4
6549,16,5
5165,16,4
5371,16,5
6126,16,5
5046,16,5
281,16,5
5072,16,4
5728,16,5
4488,16,5
4414,16,5
5081,16,4
4340,16,5
4863,16,4
5747,16,5
4615,16,5
6607,16,5
6875,16,4
5523,16,5
5816,16,4
5246,16,5
5198,16,5
6478,16,5
4905,16,5
5815,16,5
4212,16,5
4950,16,5
4873,16,5
7028,16,5
3792,16,5
6924,16,5
4583,16,5
5166,16,5
6047,16,5
6868,16,5
6259,16,5
5482,16,5
5374,16,5
4390,16,5
4022,16,5
6762,16,4
6115,16,5
5793,16,4
6738,16,3
5963,16,4
6039,16,5
6402,16,4
6484,16,5
5151,16,5
6470,16,5
4617,16,5
4251,16,3
6813,16,5
5197,16,4
4154,16,5
4385,16,5
3122,16,2
4913,16,5
6680,16,5
6847,16,4
5970,16,5
4294,16,4
6586,16,4
4928,16,5
5685,16,5
4535,16,3
4312,16,5
4259,16,4
4449,16,5
6329,16,5
2083,16,1
5879,16,5
4549,16,5
4305,16,5
6637,16,5
5683,16,5
3776,16,5
5431,16,5
455,16,5
4610,16,5
5909,16,5
4019,16,5
5694,16,5
5124,16,5
6848,16,5
3962,16,5
5163,16,5
3827,16,5
3955,16,5
5140,16,3
5477,16,4
4207,16,4
6117,16,5
4266,16,5
5346,16,4
6317,16,5
4435,16,4
5622,16,1
4142,16,5
5181,16,5
5216,16,5
5667,16,5
6169,16,5
5972,16,5
6278,16,5
6919,16,5
6218,16,5
6431,16,4
4292,16,5
6643,16,5
5451,16,3
4754,16,5
5887,16,5
3974,16,5
4793,16,5
5917,16,5
4325,16,5
5223,16,5
5074,16,5
4806,16,5
4802,16,5
6068,16,5
4157,16,5
4261,16,5
3793,16,5
4836,16,5
4847,16,5
5545,16,4
5955,16,5
1463,16,1
4994,16,5
3943,16,4
6646,16,5
4887,16,5
2094,16,1
4503,16,5
5632,16,5
3980,16,5
4792,16,4
3796,16,5
3915,16,5
6176,16,5
5991,16,5
5740,16,5
4823,16,5
3732,16,5
5047,16,5
7005,16,5
6773,16,5
5177,16,5
6568,16,5
5464,16,4
3948,16,5
3749,16,4
3880,16,5
1504,16,3
5042,16,5
4464,16,4
5725,16,5
5479,16,5
4573,16,5
5150,16,5
3265,16,5
4881,16,5
6705,16,5
4220,16,5
3727,16,5
5498,16,5
5458,16,5
3938,16,5
3799,16,5
4559,16,5
5910,16,5
1848,16,2
5391,16,5
4239,16,5
5906,16,5
4791,16,4
6856,16,4
5354,16,5
4870,16,5
5772,16,5
5396,16,5
5526,16,5
3892,16,5
5800,16,5
5875,16,5
3975,16,5
4406,16,5
6160,16,5
4267,16,5
6444,16,5
4787,16,4
3971,16,4
3858,16,5
4254,16,5
4134,16,5
5434,16,5
6834,16,5
5496,16,5
4206,16,5
5743,16,5
5835,16,4
5349,16,5
4484,16,5
5981,16,5
5242,16,5
6026,16,5
6071,16,5
5547,16,5
3757,16,5
2967,16,5
4094,16,5
2670,16,5
5613,16,3
5712,16,4
4529,16,5
6745,16,5
3979,16,5
4445,16,5
4000,16,5
4284,16,5
4594,16,5
4719,16,4
6996,16,5
4215,16,5
4906,16,5
4582,16,5
5760,16,5
6216,16,4
4739,16,5
4387,16,5
3804,16,5
6045,16,4
3894,16,4
6598,16,5
6131,16,5
5156,16,5
5741,16,4
5748,16,5
4049,16,4
6989,16,5
5802,16,5
6776,16,5
3818,16,4
4606,16,5
3902,16,5
4753,16,5
1277,16,5
5056,16,4
5525,16,4
6161,16,5
5183,16,5
6479,16,5
4885,16,5
6740,16,5
5203,16,4
6619,16,3
5138,16,5
6387,16,3
6251,16,5
6344,16,5
4257,16,5
4079,16,4
5300,16,5
3947,16,3
4052,16,5
5635,16,5
3839,16,5
3954,16,5
6269,16,5
4725,16,5
6399,16,5
6534,16,5
5697,16,3
3870,16,5
6560,16,5
6771,16,5
4224,16,4
5468,16,5
3798,16,5
11,16,5
4513,16,5
6290,16,5
4041,16,5
5733,16,5
4043,16,3
6915,16,5
12,16,5
6941,16,5
5926,16,5
5497,16,5
6830,16,5
5540,16,5
7016,16,5
6458,16,5
3897,16,5
5797,16,5
6753,16,5
3778,16,5
725,16,5
6015,16,5
6901,16,4
4783,16,4
5065,16,5
6838,16,5
6564,16,5
6510,16,4
6582,16,5
15,16,5
4826,16,5
5672,16,5
6079,16,4
5870,16,5
6591,16,5
6467,16,5
4556,16,5
4821,16,5
3843,16,5
5317,16,5
5831,16,5
4308,16,5
5194,16,5
6633,16,5
3817,16,5
6454,16,5
6845,16,5
6232,16,5
5059,16,5
4718,16,5
6318,16,5
4460,16,5
6719,16,5
4536,16,5
1713,16,5
4550,16,5
5365,16,5
6682,16,5
5187,16,5
4072,16,5
3935,16,5
6981,16,5
6766,16,5
5275,16,5
6380,16,5
6327,16,5
6364,16,5
4002,16,4
5174,16,4
5722,16,5
5114,16,5
6288,16,5
4909,16,3
6245,16,5
4118,16,5
5212,16,4
7019,16,5
5057,16,5
5637,16,5
3933,16,5
6581,16,5
4685,16,5
4724,16,5
6281,16,5
6610,16,5
5472,16,5
4856,16,5
4903,16,5
5992,16,5
5977,16,5
4642,16,5
6352,16,5
4319,16,4
5884,16,5
5864,16,3
5650,16,5
3842,16,5
6727,16,5
5303,16,5
4521,16,5
6322,16,5
5711,16,5
4530,16,5
5149,16,5
5450,16,5
1725,16,4
5326,16,4
3982,16,5
5159,16,5
4347,16,3
4572,16,5
10,16,5
6523,16,4
5089,16,4
5350,16,5
6110,16,5
6035,16,5
4238,16,5
5122,16,5
4005,16,5
4779,16,5
6451,16,5
4196,16,5
6406,16,5
4219,16,5
6698,16,5
6030,16,3
3854,16,5
5280,16,5
6146,16,5
6334,16,5
4271,16,5
4650,16,5
6623,16,5
6969,16,5
4068,16,5
4833,16,5
5861,16,4
5457,16,5
6721,16,4
4603,16,5
5080,16,5
3744,16,5
4241,16,5
5217,16,5
5836,16,5
6953,16,2
5953,16,5
5975,16,5
6710,16,5
3946,16,3
4861,16,4
6962,16,5
5433,16,5
5394,16,4
6017,16,2
6320,16,5
6339,16,5
5620,16,5
5994,16,5
4709,16,5
5121,16,5
5855,16,5
5883,16,4
6520,16,5
6217,16,5
6602,16,3
4191,16,5
6912,16,5
5580,16,5
6659,16,4
4857,16,3
6087,16,5
6037,16,5
5441,16,5
5460,16,3
4956,16,5
3655,16,3
6669,16,5
4296,16,5
6097,16,5
6151,16,4
4789,16,4
6127,16,5
3055,16,1
4276,16,2
3748,16,5
4010,16,4
5684,16,5
4949,16,5
5244,16,5
4453,16,4
5502,16,5
2521,16,1
6346,16,5
5704,16,5
6620,16,5
6805,16,5
4492,16,5
5911,16,5
5993,16,5
6381,16,5
4178,16,5
3809,16,5
5299,16,3
6325,16,5
5513,16,4
6336,16,5
3721,16,5
4245,16,5
5716,16,5
3027,16,5
5137,16,5
7008,16,5
4253,16,5
3868,16,3
5724,16,4
3577,16,5
4872,16,4
3373,16,4
6345,16,5
5511,16,5
5923,16,3
4752,16,5
5385,16,5
6450,16,5
4854,16,5
5583,16,5
4670,16,5
6886,16,4
4533,16,5
4228,16,5
4165,16,5
6839,16,5
3893,16,5
4430,16,5
4736,16,5
5261,16,5
4040,16,4
4715,16,5
6878,16,5
5631,16,5
5521,16,5
4481,16,5
6315,16,5
6028,16,5
5840,16,5
4384,16,5
5154,16,5
6622,16,5
5812,16,5
4428,16,5
4217,16,5
3899,16,5
4407,16,1
4148,16,5
3890,16,5
5648,16,5
6595,16,5
3883,16,5
6735,16,4
4691,16,5
6199,16,5
113,16,5
1068,16,5
2492,16,5
4318,16,5
6373,16,5
3210,16,3
5503,16,5
1580,16,5
1535,16,5
5532,16,5
5782,16,5
1587,16,5
1958,16,2
1557,16,5
116,16,5
620,16,5
2840,17,1
1042,17,5
1315,17,1
3930,17,2
996,17,1
2501,17,5
1192,17,5
2823,17,5
1258,17,3
751,17,1
2787,17,1
2319,17,1
991,17,1
2414,17,1
2998,17,1
4121,17,1
3403,17,2
5034,17,5
2845,17,1
1999,17,1
3130,17,1
3091,17,1
3424,17,2
1184,17,3
6105,17,1
2449,17,1
2417,17,3
2333,17,2
1973,17,2
3160,17,1
3797,17,3
1802,17,2
6729,17,1
4282,17,1
2006,17,3
2828,17,5
1566,17,1
5701,17,2
2106,17,2
589,17,1
4110,17,1
2264,17,4
2086,17,1
1513,17,3
1992,17,2
879,17,5
1728,17,1
1,17,3
1056,17,4
2247,17,1
855,17,1
2188,17,2
2468,17,1
6319,17,1
1544,17,1
1283,17,2
3097,17,1
1812,17,1
2860,17,1
1097,17,1
1857,17,5
4231,17,5
1676,17,1
2208,17,3
1671,17,5
3683,17,1
658,17,4
744,17,1
2470,17,1
1270,17,2
797,17,5
3710,17,1
5794,17,1
1534,17,2
887,17,5
4687,17,5
2961,17,1
2991,17,5
3053,17,1
312,17,4
2963,17,5
3641,17,1
6270,17,5
6221,17,1
2366,17,2
2037,17,2
1924,17,5
3465,17,5
2122,17,5
4797,17,1
6628,17,5
503,17,1
3601,17,5
277,17,5
33,17,5
2003,17,5
2857,17,4
274,17,3
2657,17,5
3296,17,5
2931,17,5
2240,17,5
933,17,3
2248,17,5
243,17,1
4876,17,2
4931,17,2
4654,17,5
669,17,5
2112,17,1
5663,17,5
454,17,3
2816,17,5
5058,17,5
2328,17,5
2275,17,1
5337,17,4
592,17,5
1932,17,5
3654,17,1
6932,17,5
154,17,1
5899,17,2
2976,17,5
1803,17,5
5001,17,1
546,17,5
1603,17,5
5003,17,1
134,17,2
3570,17,5
4989,17,5
3973,17,1
255,17,5
3426,17,5
3579,17,5
3092,17,1
2851,17,5
3418,17,5
2831,17,5
6441,17,5
4140,17,5
268,17,1
2607,17,5
6338,17,5
1636,17,2
1760,17,5
911,17,5
608,17,5
1092,17,5
155,17,5
1988,17,1
1197,17,5
1817,17,5
966,17,5
6297,17,3
481,17,1
3112,17,4
4971,17,5
6749,17,5
4321,17,5
1320,17,5
2466,17,5
130,17,5
2354,17,1
3373,17,5
3807,17,5
2639,17,5
4809,17,5
3701,17,5
1933,17,5
2718,17,5
2143,17,5
2668,17,5
5402,17,5
6076,17,5
3380,17,5
2551,17,5
779,17,5
557,17,5
4509,17,5
5868,17,5
4368,17,5
3556,17,5
1684,17,5
5043,17,5
1995,17,5
1573,17,5
3452,17,5
1055,17,5
738,17,5
3198,17,5
1131,17,5
1630,17,5
735,17,5
2740,17,5
2861,17,5
3131,18,5
327,18,5
2842,18,4
4653,18,5
855,18,2
1936,18,3
2621,18,2
1846,18,2
4163,18,5
2731,18,2
721,18,3
743,18,2
1577,18,1
1392,18,5
623,18,5
6472,18,1
7025,18,1
1328,18,2
3103,18,5
107,18,5
3550,18,1
1035,18,2
3505,18,1
2062,18,2
472,18,5
1795,18,3
1192,18,5
1761,18,1
182,18,2
4211,18,4
3440,18,5
1246,18,5
1425,18,2
5755,18,1
2505,18,5
6942,18,2
1468,18,3
1626,18,4
749,18,3
4641,18,5
3348,18,5
1706,18,3
1854,18,5
1255,18,2
506,18,1
3106,18,5
6995,18,5
2439,18,5
366,18,1
2685,18,1
301,18,2
6077,18,5
6463,18,3
1129,18,5
2019,18,5
3427,18,1
2000,18,5
3559,18,5
3647,18,5
319,18,5
93,18,3
2132,18,5
2115,18,5
6062,18,5
3159,18,5
5809,18,5
5205,18,5
2737,18,5
6949,18,5
3549,18,5
3771,18,2
3368,18,5
2235,18,4
2895,18,5
2388,18,5
2268,18,5
3626,18,1
2262,18,5
1916,18,5
1177,18,5
2571,18,3
476,18,5
3498,18,2
3235,18,5
51,18,5
1241,18,5
4200,18,5
847,18,5
3203,18,5
4175,18,5
747,18,3
3524,18,5
1288,18,5
501,18,5
2985,18,5
952,18,5
2954,18,5
4890,18,5
4507,18,5
1931,18,5
555,18,5
2357,18,5
2482,18,2
219,18,5
3033,18,5
2719,18,1
796,18,5
2162,18,3
2438,18,5
3213,19,5
2340,19,5
1192,19,5
2674,19,3
3035,19,5
2031,19,5
2657,19,4
3620,19,5
1275,19,5
2823,19,5
6228,19,5
3003,19,5
177,19,5
4771,19,5
3360,19,5
5293,19,5
739,19,5
2181,19,5
3522,19,5
2897,19,5
2540,19,5
2699,19,5
600,19,5
2692,19,5
2733,19,5
2772,19,5
2351,19,5
359,19,5
1154,19,5
2289,19,5
2126,19,5
1701,19,5
1730,19,5
1210,19,5
3493,19,5
1592,19,5
2043,19,4
1968,19,5
1009,19,5
225,19,1
3693,19,5
1736,19,3
3632,19,5
4868,19,5
603,19,3
1116,19,1
717,19,5
6283,19,5
1875,19,5
1484,19,5
983,19,5
3545,19,5
1876,19,5
737,19,5
5509,19,5
6020,19,5
4400,19,5
2568,19,5
1515,19,4
1249,19,5
5845,19,5
4728,19,5
3442,19,5
4918,19,5
1058,19,5
405,19,5
3523,19,5
732,19,5
3250,19,5
4183,19,5
1777,19,5
356,20,5
766,20,5
1192,20,4
1865,20,3
4679,20,4
3098,20,1
3145,20,3
1751,20,5
6487,20,5
385,20,1
4418,20,5
768,20,5
1121,20,5
2444,20,2
249,20,1
6898,20,4
2435,20,2
3506,20,3
387,20,5
2047,20,3
1397,20,3
767,20,5
4098,20,4
1722,20,2
4419,20,5
1906,20,5
764,20,5
4647,20,1
6566,20,3
3062,20,2
2744,20,1
1360,20,5
3633,20,2
1911,20,3
5777,20,5
1799,20,2
185,20,5
1611,20,5
3702,20,5
2159,20,5
411,20,5
370,20,5
1139,20,5
5729,20,5
2773,20,5
6760,20,5
6960,20,5
2046,20,5
2977,20,5
3573,20,3
3108,20,5
725,20,5
4511,20,5
5892,20,5
2338,20,5
5516,20,5
2827,20,3
332,20,3
765,20,4
3548,20,5
6435,20,5
371,20,4
1429,20,2
2971,20,5
3769,20,5
3364,20,5
411,20,5
3141,20,5
399,20,5
3636,20,5
6733,20,5
682,20,5
4306,20,5
4360,20,5
6864,20,5
259,20,5
5757,20,5
2138,20,5
3667,20,5
2480,20,5
5717,20,5
538,20,3
1178,20,5
3042,20,5
3393,20,5
338,20,3
714,20,5
1961,20,3
951,20,2
4675,20,5
5044,20,5
375,20,5
891,20,5
763,20,5
953,20,5
648,20,5
5224,20,1
2907,20,5
1858,20,5
2326,20,5
1900,20,5
4976,20,5
3373,20,5
1796,20,5
2335,20,5
694,20,5
3277,20,5
2073,20,5
3567,20,1
1383,20,5
6965,20,5
357,20,5
1740,20,5
24,20,5
1278,20,5
4586,20,5
5322,21,3
3629,21,5
2606,21,1
172,21,5
3400,21,5
3470,21,1
3592,21,5
1768,21,5
1122,21,2
2967,21,5
559,21,5
5750,21,5
1506,21,5
1511,21,5
2205,21,5
4425,21,5
2913,21,5
771,21,5
587,21,5
5050,21,3
3715,21,4
3599,21,3
1329,21,5
2340,21,4
3722,21,5
1317,21,5
2958,21,5
1230,21,5
2686,21,5
785,21,5
2097,21,5
3374,21,5
2301,21,5
3158,21,1
2695,21,5
3686,21,5
3578,21,1
2705,21,4
1340,21,5
3195,21,5
2569,21,3
1210,21,2
4222,21,4
1720,21,5
508,21,5
3023,21,5
2302,21,5
18,21,5
2939,21,5
2260,21,5
3387,21,5
2215,21,5
1448,21,5
364,21,5
5618,21,5
3111,21,5
6811,21,2
4423,21,2
638,21,3
772,21,5
3444,21,3
1568,21,5
3494,21,3
946,21,5
4894,21,5
3212,21,5
2593,21,3
578,21,1
3209,21,5
1948,21,5
2101,21,5
3138,21,5
2163,21,5
234,21,5
2710,21,5
2820,21,3
2573,21,5
3326,21,5
5544,21,5
362,21,5
6312,21,5
3407,21,5
963,21,5
1972,21,5
3688,21,5
5758,21,5
3602,21,5
1567,21,5
1201,21,5
4855,21,5
6178,21,3
773,21,5
4424,21,5
2754,21,5
3180,21,5
4330,21,5
1572,21,5
19,21,5
2525,21,5
3558,21,5
3666,21,5
3543,21,5
2600,21,5
1432,21,5
3773,22,5
4743,22,5
836,22,5
999,22,5
63,22,5
2588,22,5
3528,22,5
4433,22,5
5779,22,5
5849,22,2
415,22,5
2757,22,2
1192,22,5
3768,22,5
3078,22,5
3478,22,1
3135,22,5
495,22,5
5607,22,5
1036,22,3
1166,22,5
3518,22,5
3032,22,3
3357,22,5
2001,22,5
800,22,5
2164,22,5
1963,22,5
3335,22,5
2885,22,5
3738,22,5
4627,22,5
94,22,1
879,22,1
1743,22,5
4047,22,5
427,22,5
3576,22,2
4194,22,5
6433,22,5
776,22,5
2257,22,4
5007,22,5
2868,22,5
3283,22,5
2902,22,3
2815,22,5
3300,22,5
2358,22,5
914,22,5
675,22,5
3187,22,5
396,22,5
569,22,5
6094,22,5
4963,22,5
5253,22,5
6750,22,5
5039,22,5
1881,22,5
2160,22,5
3210,22,5
2430,22,5
1597,22,5
3309,22,5
940,22,5
558,22,5
777,22,1
1310,22,5
4446,22,5
419,22,5
1446,22,5
2254,22,5
2930,22,5
2670,22,5
1419,22,5
4494,22,5
3024,22,5
976,22,5
2426,22,5
610,22,5
351,22,5
352,23,5
4356,23,5
1373,23,5
1831,23,5
5783,23,5
6980,23,5
1690,23,5
993,23,5
885,23,5
1496,23,5
2288,23,5
5735,23,5
465,23,5
959,23,5
3202,23,5
5260,23,5
414,23,5
1192,23,5
1260,23,5
147,23,5
3542,23,5
4772,23,5
548,23,5
876,23,5
40,23,5
807,23,5
2220,23,3
2460,23,5
3401,23,2
1207,23,5
2285,23,5
1518,23,5
1353,23,5
6396,23,3
1942,23,5
3558,23,5
6107,23,5
2846,23,5
4458,23,5
2354,23,5
1128,23,5
3292,23,5
1476,23,5
547,23,5
1727,23,5
4974,24,1
1064,24,1
3504,24,1
6266,24,1
1640,24,1
1352,24,1
988,24,1
802,24,1
2755,24,1
6799,24,1
4214,24,1
2269,24,1
3597,24,1
1890,24,2
3713,24,2
2385,24,1
1228,24,1
3205,24,1
5701,24,1
6239,24,1
1744,24,1
5534,24,1
2151,24,1
992,24,1
3635,24,1
3646,24,5
4630,24,1
2448,24,1
2672,24,1
3503,24,2
2779,24,5
1755,24,1
924,24,1
2960,24,1
2904,24,5
2269,24,1
181,24,1
3346,24,5
3100,24,1
3477,24,1
1665,24,1
1828,24,1
2463,24,1
2805,24,1
2335,24,1
823,24,1
1698,24,5
2883,24,5
552,24,1
5232,24,1
1915,24,1
1838,24,5
3623,24,1
4666,24,5
705,24,5
809,24,5
6570,24,5
1268,24,5
1951,24,5
564,24,5
1138,24,5
6004,24,5
1174,24,1
377,24,5
6310,24,5
2433,24,5
1095,24,5
3408,24,1
1522,24,5
1192,24,2
1869,24,5
1175,24,1
3415,24,1
1600,24,1
806,24,4
1409,24,5
2910,24,1
5528,24,2
2161,24,1
323,24,1
6550,24,1
1007,24,5
2697,24,1
2560,24,1
683,24,1
1982,24,1
6554,24,5
921,24,1
2556,24,5
6720,24,1
1124,24,5
581,24,5
1145,24,1
775,24,5
121,24,5
1729,24,1
2110,24,2
156,24,5
1551,24,2
1647,24,5
210,24,2
326,24,1
6417,24,5
475,24,1
3458,24,1
857,24,1
5209,24,5
2788,24,5
445,24,5
3015,24,1
568,24,5
114,24,5
5820,24,5
1585,24,5
1752,24,1
1874,24,3
111,24,1
4457,24,5
496,24,1
313,24,1
3661,24,1
5894,24,5
2116,24,5
1117,24,2
2813,24,1
2953,24,1
2549,24,1
2838,24,5
3181,24,1
20,24,1
4954,24,1
2179,24,2
6687,24,1
312,24,4
3044,24,2
3512,24,1
412,24,1
1185,24,1
1266,24,1
722,24,1
1391,24,1
6231,24,1
2334,24,1
2550,24,2
223,24,4
1289,24,1
1362,24,1
2137,24,5
1005,24,5
665,24,5
1601,24,5
3501,24,2
650,24,5
2039,24,5
5771,24,4
1210,24,2
2580,24,5
3492,24,1
1517,24,1
1335,24,5
2172,24,5
6709,24,1
2479,24,5
3073,24,1
1461,24,5
789,24,5
3390,24,5
3278,24,5
1560,24,1
1542,24,1
3499,24,5
1169,24,1
801,24,5
647,24,1
5787,24,1
3695,24,1
3247,24,1
4788,24,1
5228,24,2
4972,24,1
925,24,1
4984,24,1
1239,24,1
151,24,5
6881,24,2
2281,24,5
718,24,5
5088,24,2
1034,24,1
187,24,5
3400,24,2
1183,24,1
2113,24,1
1887,24,5
1699,24,2
1483,24,1
174,24,5
2898,24,5
894,24,5
1563,24,5
4805,24,1
6907,24,5
1588,24,5
4687,24,5
5376,24,5
4461,24,5
3137,24,5
4290,24,1
363,24,5
2583,24,5
300,24,5
2437,24,5
205,24,5
2196,24,5
1921,24,5
1658,24,5
3268,24,5
920,24,5
1108,24,5
2218,24,5
6148,24,5
858,24,1
5401,24,5
810,24,1
1959,24,5
6547,24,2
193,24,1
2369,24,5
2170,24,1
1181,24,1
3388,24,2
1514,24,5
2474,24,1
2905,24,5
1347,24,5
6668,24,5
1938,24,1
2892,24,4
544,24,5
147,24,5
6648,24,5
941,24,1
447,24,1
3125,24,5
618,24,2
3782,24,5
1102,24,5
860,24,5
6796,24,1
397,24,5
943,24,4
2156,24,5
3712,24,1
2561,24,5
566,24,1
211,24,1
5131,24,1
2066,24,2
53,24,2
2034,24,5
525,24,5
5556,24,5
418,24,2
3257,24,1
1113,24,5
654,24,5
2507,24,1
5980,24,5
1286,24,1
413,24,1
4229,24,1
94,24,5
505,24,1
588,24,5
21,24,5
196,24,1
1330,24,5
1443,24,5
2191,24,1
1325,24,1
1599,24,1
2331,24,5
622,24,5
4164,24,5
2875,24,5
2305,24,5
1303,24,5
2594,24,5
3312,24,1
1609,24,5
3328,24,5
1209,24,5
2291,24,5
2295,25,5
484,25,5
4853,25,5
6215,25,5
1022,25,5
4408,25,5
4632,25,5
1970,25,5
1691,25,1
1495,25,5
1059,26,1
881,26,4
1366,26,4
87,26,5
3161,26,1
1065,26,5
1192,26,3
5904,26,1
1967,26,4
1364,26,2
820,26,1
3170,26,3
5536,26,3
6326,26,3
3272,26,2
2972,26,3
5366,26,2
6311,26,5
1016,26,2
2698,26,3
1548,26,1
3058,26,1
2350,26,5
3208,26,3
1253,26,1
369,26,5
984,26,5
175,26,1
303,26,5
781,26,2
403,26,5
1454,26,4
3023,26,2
2246,26,5
3018,26,5
276,26,2
2408,26,4
452,26,1
1736,26,1
3109,26,4
3399,26,5
233,26,5
2593,26,5
6869,26,5
3453,26,5
1929,26,5
2373,26,4
52,26,5
2391,26,5
2872,26,5
6866,26,2
6289,26,5
1801,26,5
3525,26,5
361,26,5
804,26,5
3046,26,5
426,26,5
1422,26,5
1907,26,5
5110,26,5
2921,26,5
2711,26,5
500,26,3
4945,26,5
2471,26,5
2282,26,5
4269,26,5
3694,26,5
4679,26,5
6965,26,5
3254,26,5
6876,27,5
727,27,5
5791,27,5
6880,27,5
1192,27,3
4378,27,4
621,27,5
4054,27,5
200,27,3
692,27,5
4301,27,5
869,27,5
749,27,3
2624,27,5
1398,27,5
2637,27,5
5863,27,5
4776,27,5
3080,27,5
410,27,1
5591,27,5
2984,27,5
2886,27,5
2383,27,5
6551,27,3
3719,27,5
3319,27,5
616,27,5
656,27,5
1425,27,2
2982,27,5
721,27,5
2877,27,5
5720,27,2
2738,27,5
6175,27,5
4934,27,5
1786,27,5
1832,27,5
4845,27,5
3675,27,5
1565,27,5
5480,27,5
642,27,5
5959,27,5
6121,27,5
2044,27,5
358,27,5
3303,27,5
2292,27,5
1940,27,5
2353,27,5
2356,27,5
1971,27,5
453,27,5
6048,27,5
1140,27,5
1204,27,5
1062,27,5
630,27,5
567,27,5
2312,27,5
3307,27,5
3325,27,5
1706,27,5
2131,27,5
4740,27,5
6670,27,5
4185,28,1
2579,28,5
965,28,3
2428,28,3
6973,28,4
1395,28,4
4993,28,1
5871,28,5
1192,28,5
3051,28,1
4448,28,1
4778,28,5
261,28,1
3833,28,5
1311,28,1
1510,28,5
1085,28,2
4907,28,5
3879,28,5
902,28,2
2536,28,3
4661,28,1
3941,28,1
1033,28,2
5364,28,5
1210,28,1
3981,28,5
1300,28,5
1301,28,3
3469,28,5
1817,28,5
1279,28,5
6419,28,5
6351,28,3
850,28,1
2336,28,3
6548,28,5
1455,28,5
1465,28,5
1709,28,5
4186,28,5
1302,28,5
4889,28,1
5419,28,5
275,28,1
6301,28,1
3855,28,5
824,28,5
4336,28,5
6486,28,5
2530,28,1
5181,28,5
5602,28,4
5420,28,5
5018,28,3
4073,28,5
6855,28,5
4816,28,5
3339,28,5
2997,28,1
4502,28,5
6882,28,5
5703,28,5
5077,28,5
5737,28,5
4948,28,5
1850,28,4
6395,28,5
3604,28,1
4281,28,4
4589,28,5
4117,28,5
3859,28,5
5463,28,5
7029,28,5
5168,28,5
5696,28,5
5281,28,5
5655,28,3
4237,28,5
4202,28,4
148,28,5
4697,28,5
5517,28,5
4066,28,5
4166,28,5
5191,28,5
1705,28,4
5596,28,5
4651,28,4
5235,28,5
3912,28,5
4921,28,5
6082,28,5
5715,28,5
6193,28,5
4331,28,5
4761,28,2
4822,28,5
7025,28,5
6723,28,5
5584,28,5
3903,28,5
6783,28,5
5846,28,5
4796,28,5
4413,28,5
5723,28,5
1372,28,2
782,28,5
6857,28,5
5860,28,5
6016,28,5
6003,28,5
3919,28,5
3851,28,3
6611,28,5
5390,28,5
4879,28,5
372,28,5
6639,28,5
5421,28,5
3679,28,3
2488,28,5
4338,28,5
4587,28,5
6114,28,5
6485,28,4
4082,28,5
2239,28,5
3775,28,5
6475,28,5
4596,28,5
4470,28,5
4665,28,5
5298,28,5
6914,28,5
3030,28,5
4862,28,3
5387,28,5
6285,28,5
1903,28,4
3925,28,5
6394,28,5
5515,28,4
5595,28,5
3750,28,5
6253,28,5
5035,28,5
4519,28,5
6167,28,5
3828,28,5
5120,28,5
4207,28,5
6418,28,5
6250,28,4
6626,28,5
5948,28,5
4692,28,5
4658,28,5
6576,28,4
5825,28,5
5572,28,5
5852,28,5
5675,28,5
5125,28,5
4416,28,5
4311,28,5
5297,28,5
5445,28,5
5201,28,5
5412,28,4
4614,28,5
4652,28,5
4482,28,5
4341,28,5
5798,28,5
5012,28,5
5071,28,5
4077,28,5
4325,28,5
6546,28,5
5546,28,5
6790,28,5
6164,28,5
5123,28,5
7014,28,5
6335,28,5
6244,28,5
4882,28,5
6539,28,5
6093,28,3
1105,28,5
6483,28,5
5566,28,5
6240,28,5
4349,28,5
4182,28,5
4130,28,5
3952,28,5
4324,28,5
5752,28,5
4938,28,5
5315,28,5
4326,28,5
5775,28,4
5659,28,5
1682,28,1
5541,28,5
5943,28,5
5640,28,5
5542,28,5
6456,28,5
5719,28,5
4394,28,5
5907,28,5
5073,28,5
5278,28,5
3745,28,5
6493,28,4
5486,28,5
5960,28,5
4901,28,5
4475,28,4
6798,28,5
5249,28,5
5444,28,5
5082,28,5
6955,28,5
2324,28,5
4226,28,3
4364,28,5
4558,28,5
4593,28,5
492,28,3
6844,28,5
5356,28,5
4268,28,5
5195,28,5
2950,28,5
3917,28,5
5493,28,4
6685,28,4
6731,28,5
4471,28,5
5186,28,5
6676,28,5
6400,28,5
3825,28,5
6258,28,5
6528,28,4
6455,28,5
6204,28,5
4800,28,5
5109,28,5
4766,28,5
5165,28,5
5162,28,5
4026,28,5
4351,28,4
4714,28,5
6702,28,5
5222,28,5
4047,28,5
6913,28,5
6104,28,5
5347,28,5
4234,28,5
5378,28,5
6600,28,5
3813,28,5
4474,28,5
6671,28,5
6024,28,5
3800,28,5
5625,28,5
4288,28,5
5918,28,5
4814,28,5
6545,28,5
5519,28,5
6792,28,5
5334,28,5
4884,28,5
5614,28,5
4473,28,5
6829,28,5
6213,28,5
4225,28,5
3985,28,5
4919,28,5
6657,28,5
5473,28,5
4285,28,5
5767,28,4
4100,28,5
3986,28,5
6197,28,4
6144,28,5
5429,28,5
3783,28,5
6536,28,5
5824,28,5
5153,28,4
5440,28,5
6531,28,5
4644,28,5
4034,28,3
5103,28,5
6464,28,5
6324,28,4
6696,28,5
6434,28,5
4327,28,5
6157,28,5
4123,28,5
4541,28,5
4427,28,4
6482,28,5
4001,28,5
4036,28,5
4414,28,5
3950,28,5
3848,28,5
4259,28,5
5896,28,5
5990,28,5
5743,28,5
6603,28,4
4851,28,5
5642,28,5
4637,28,5
5944,28,5
4279,28,5
6382,28,5
6900,28,5
4712,28,5
4283,28,5
6316,28,5
3936,28,5
6361,28,5
3717,28,5
5167,28,5
5476,28,5
6515,28,4
5009,28,5
5017,28,5
176,28,2
4429,28,5
6202,28,5
6808,28,5
4080,28,5
3922,28,5
6939,28,5
5958,28,5
6751,28,5
4751,28,5
6616,28,5
6379,28,5
5945,28,5
4577,28,5
6803,28,5
861,28,1
6492,28,5
6823,28,5
4995,28,5
2711,28,5
3902,28,5
5667,28,5
4076,28,4
3471,28,5
5397,28,5
6234,28,5
5930,28,5
4293,28,2
191,28,5
5452,28,5
4812,28,5
3888,28,5
4074,28,5
6384,28,4
5380,28,5
4033,28,5
3741,28,5
6877,28,5
235,28,5
4504,28,5
4849,28,4
4977,28,5
3832,28,5
4902,28,5
6588,28,5
110,28,5
3889,28,5
4735,28,5
3987,28,4
1258,28,5
5030,28,5
4929,28,4
5319,28,5
6945,28,5
4421,28,5
4584,28,5
6279,28,2
6366,28,5
5883,28,5
5304,28,5
4684,28,5
5924,28,5
5652,28,1
4221,28,5
5734,28,5
6634,28,5
5726,28,5
4773,28,5
6511,28,5
4346,28,5
6543,28,5
5950,28,5
3731,28,5
4204,28,4
6577,28,5
4707,28,5
4393,28,5
4247,28,5
4563,28,5
5219,28,4
6470,28,5
216,28,5
6222,28,5
4353,28,5
4689,28,5
5345,28,5
4287,28,5
5124,28,5
4058,28,5
2722,28,5
3878,28,5
4987,28,5
6527,28,5
6503,28,5
5898,28,5
4027,28,5
5989,28,4
4713,28,5
6572,28,5
222,28,5
4167,28,5
3812,28,5
3648,28,5
3648,28,5
6374,28,5
6495,28,5
5404,28,5
6096,28,5
2764,28,4
6585,28,5
3747,28,5
6152,28,5
298,28,5
774,28,5
5951,28,5
5586,28,5
6053,28,3
5426,28,5
4273,28,5
6307,28,4
5695,28,3
6355,28,5
5848,28,5
5282,28,5
6707,28,5
3730,28,5
4181,28,5
3142,28,5
5577,28,5
5679,28,5
6408,28,5
4623,28,4
4450,28,5
6497,28,5
5862,28,5
4411,28,5
6535,28,5
5567,28,5
6817,28,5
4554,28,5
2481,28,5
3718,28,5
4417,28,4
4370,28,5
1692,28,5
5810,28,5
3881,28,5
3869,28,5
4006,28,5
4555,28,3
5946,28,5
3877,28,5
4329,28,5
6246,28,5
5984,28,5
6986,28,5
4386,28,5
5289,28,5
4299,28,5
3802,28,5
4872,28,5
3850,28,5
3849,28,5
5313,28,5
4569,28,5
3789,28,5
3846,28,3
4900,28,5
2676,28,5
5068,28,5
3834,28,5
5155,28,5
3814,28,5
5215,28,5
6388,28,5
5236,28,4
4317,28,4
4794,28,5
5204,28,5
4372,28,4
4149,28,5
6220,28,5
5172,28,5
5671,28,5
6416,28,5
6019,28,5
4696,28,5
6428,28,4
3806,28,4
4156,28,5
6837,28,5
4402,28,5
4683,28,5
4028,28,4
3932,28,5
6575,28,5
3866,28,5
4116,28,5
4343,28,5
4784,28,5
5261,28,5
4332,28,5
6286,28,1
4401,28,5
5639,28,5
4757,28,5
3993,28,5
5320,28,5
5138,28,5
6968,28,5
4319,28,4
5435,28,5
6372,28,5
4270,28,3
6780,28,4
2519,28,1
5680,28,5
6819,28,5
3823,28,4
6342,28,5
3729,28,5
5800,28,3
5264,28,5
3995,28,4
733,28,5
4883,28,5
5340,28,5
6103,28,5
953,28,5
6248,28,4
5202,28,5
6182,28,5
4811,28,5
6573,28,5
6859,28,5
4369,28,5
6256,28,5
5741,28,4
6728,28,5
4020,28,5
2665,28,5
6347,28,5
6095,28,5
3992,28,5
5352,28,5
4699,28,5
4224,28,5
4064,28,5
5967,28,5
4501,28,4
6376,28,5
4252,28,5
5478,28,2
6689,28,3
3762,28,5
5888,28,5
6529,28,5
4315,28,5
4380,28,5
5880,28,4
4030,28,5
4377,28,5
4561,28,5
3736,28,5
5171,28,5
4162,28,5
4920,28,5
2455,28,5
5370,28,5
4670,28,5
1695,28,5
4490,28,5
3723,28,5
4021,28,5
6343,28,5
5630,28,5
5498,28,5
3734,28,5
1435,28,5
5497,28,5
4819,28,5
4583,28,5
3758,28,4
3940,28,5
5562,28,5
6309,28,5
6344,28,5
4834,28,5
5814,28,5
5555,28,5
4489,28,5
5290,28,5
4604,28,5
4131,28,5
5351,28,5
6683,28,5
4688,28,5
6692,28,5
5768,28,5
3906,28,5
4265,28,5
5238,28,3
6198,28,5
6524,28,5
6199,28,4
4375,28,5
5561,28,5
6430,28,1
4622,28,4
5978,28,5
5664,28,5
5026,28,5
6042,28,5
5633,28,5
5742,28,5
5569,28,5
5450,28,5
5229,28,5
6267,28,5
5312,28,5
6086,28,5
6296,28,4
3905,28,5
4674,28,5
3977,28,5
4928,28,5
6007,28,5
1038,28,5
4106,28,5
6520,28,5
5269,28,5
5266,28,3
6722,28,5
3884,28,5
6523,28,5
5986,28,5
6874,28,5
5037,28,5
6849,28,5
5272,28,5
6447,28,4
6946,28,5
4600,28,5
6490,28,5
4922,28,5
6929,28,5
6268,28,5
989,28,1
6658,28,5
5681,28,4
5897,28,5
6937,28,5
518,28,5
5919,28,5
5992,28,5
5682,28,5
3746,28,5
6356,28,5
5881,28,4
5712,28,4
5328,28,5
6340,28,1
6061,28,5
6860,28,5
4532,28,5
6774,28,5
4645,28,5
6838,28,5
5942,28,5
5563,28,5
5434,28,5
4533,28,5
4007,28,5
4213,28,5
5454,28,4
6502,28,5
6080,28,5
398,28,5
5867,28,4
6177,28,5
3284,28,5
6693,28,3
4091,28,5
6655,28,5
4430,28,5
5413,28,5
4706,28,5
3841,28,5
4769,28,5
4067,28,5
3864,28,5
3836,28,5
4462,28,5
6389,28,5
5148,28,5
4426,28,5
842,28,5
6036,28,5
7018,28,4
5600,28,5
6129,28,5
6298,28,5
5196,28,5
4137,28,5
5823,28,5
4339,28,5
6525,28,5
3931,28,5
4970,28,5
6617,28,5
4002,28,5
5648,28,5
4973,28,5
5256,28,5
6706,28,5
6381,28,5
5395,28,5
7002,28,5
5132,28,5
6507,28,5
5457,28,4
4915,28,5
5302,28,5
5075,28,5
5129,28,5
6809,28,5
6290,28,4
3876,28,5
5535,28,5
3753,28,5
5373,28,5
4373,28,5
3911,28,5
5446,28,5
5606,28,5
6674,28,5
5922,28,5
4075,28,5
5459,28,5
4153,28,3
5764,28,4
6726,28,5
3901,28,5
6560,28,5
6773,28,5
2853,28,5
6754,28,5
6337,28,5
5702,28,3
6083,28,5
1957,28,3
539,28,5
5835,28,5
5554,28,5
4656,28,5
5969,28,5
6556,28,5
4379,28,5
4789,28,4
7,28,5
4210,28,5
4088,28,5
1742,28,5
6647,28,1
2856,28,5
2362,28,5
5439,28,5
6538,28,5
4132,28,5
4467,28,1
4813,28,5
724,28,5
1882,28,5
862,28,5
5069,28,5
267,28,5
373,28,5
1040,28,5
4365,28,5
4146,28,5
1557,28,5
6963,28,5
1451,29,5
590,29,5
3249,29,5
1425,29,5
958,29,5
487,29,5
3318,29,5
596,29,5
1030,29,5
721,29,5
3612,29,5
3430,29,5
535,29,5
5113,29,5
3088,29,5
3507,29,5
239,29,5
1607,29,5
170,29,5
832,29,5
2584,29,4
6445,29,5
3117,29,5
3040,29,5
2905,29,5
1547,29,5
1361,29,5
4098,29,5
3366,29,5
3321,29,5
532,29,5
4447,30,5
3280,30,5
2823,30,5
2986,30,4
5651,30,5
497,30,5
704,30,5
3150,30,5
5731,30,5
5307,30,5
5538,30,5
1192,30,3
5105,30,5
1298,30,5
1436,30,5
4866,30,5
3301,30,5
749,30,4
3412,30,5
6566,30,5
4981,30,5
4864,30,5
179,30,5
2828,30,5
1188,30,5
1023,30,5
3696,30,5
85,30,5
375,30,5
3171,30,5
725,30,5
5430,30,5
3618,30,5
1991,30,5
1983,30,5
4120,30,5
2611,30,5
6106,30,2
2071,30,2
4996,30,5
4047,30,5
879,30,5
3074,30,5
2649,30,5
5292,30,3
2380,30,5
492,30,4
5178,30,1
2382,30,5
1730,30,4
3969,30,5
929,30,5
1700,30,5
2510,30,5
2081,30,5
1901,30,5
4111,30,5
4098,30,5
1708,30,5
3367,30,5
1477,30,5
2445,30,5
6979,30,5
6666,30,1
2529,30,5
1408,30,5
3436,30,4
1862,30,5
1365,30,5
1817,30,5
6214,30,5
4640,30,5
4133,30,5
6091,30,5
91,30,5
3079,30,5
5552,30,5
6872,30,5
3259,30,5
6893,30,5
2882,30,5
830,30,5
2204,30,5
5188,30,5
2432,30,5
6183,30,5
3395,30,5
1561,30,5
6022,30,5
1889,30,5
2684,30,5
2425,30,5
597,30,5
2360,30,5
5913,30,1
1569,30,5
2655,30,5
3544,30,5
469,30,5
5677,30,5
1774,30,5
2808,30,5
3609,31,5
1176,31,5
2494,31,5
6056,31,5
1545,31,1
5133,31,5
1193,31,5
2315,31,5
770,31,1
314,31,3
2674,31,5
2581,31,1
2374,31,5
2495,31,5
3246,31,1
2635,31,1
1134,31,5
1192,31,5
6057,31,5
1172,31,2
3274,31,5
3470,31,5
492,31,2
3144,31,5
2834,31,5
4455,31,5
1739,31,5
6850,31,5
6276,31,4
889,31,5
2321,31,5
3589,31,1
210,31,3
2986,31,1
1322,31,1
1904,31,1
1439,31,1
3970,31,5
4248,31,1
4526,31,4
1502,31,5
6703,31,4
6910,31,5
6468,31,5
4693,31,5
3643,31,5
4112,31,5
791,31,5
1589,31,5
6757,31,5
803,31,5
2760,31,1
3958,31,5
6401,31,5
4381,31,5
3920,31,5
5488,31,4
3857,31,4
3937,31,5
5146,31,5
5134,31,5
3505,31,2
3896,31,5
6947,31,5
5004,31,5
470,31,5
2905,31,2
6569,31,5
3780,31,5
6093,31,4
5988,31,5
1269,31,5
4704,31,3
6664,31,5
6654,31,5
4179,31,5
5935,31,5
5603,31,5
3862,31,5
5469,31,5
3810,31,5
4188,31,5
2725,31,5
3479,31,5
5063,31,5
4516,31,5
5392,31,5
4152,31,5
5095,31,5
3921,31,5
6574,31,5
2967,31,5
6795,31,5
4180,31,5
6633,31,5
4218,31,5
2640,31,5
6304,31,5
5180,31,5
4904,31,5
1088,31,5
3341,31,5
3296,31,5
3588,31,5
6920,31,5
3960,31,5
5206,31,5
6229,31,1
4649,31,5
1584,31,5
2776,31,5
5916,31,5
5773,31,5
6112,31,2
5966,31,5
1048,31,5
3113,31,5
6124,31,5
6491,31,5
4803,31,5
6477,31,5
5801,31,5
6605,31,5
6280,31,5
4119,31,5
6816,31,5
3895,31,5
7026,31,5
6544,31,5
1294,31,5
2546,31,5
4758,31,5
1666,31,5
2945,31,5
2280,31,5
2070,31,5
1718,31,5
6500,31,5
6652,31,5
1814,31,5
1192,32,5
2694,32,5
1721,32,5
3305,32,1
1794,32,5
5925,32,5
4746,32,5
5668,32,5
2567,32,5
1622,32,5
2514,32,5
2041,32,5
2653,32,5
2343,32,5
6891,32,5
3176,32,5
6049,32,5
4557,32,5
6631,32,4
2587,32,5
5010,32,5
493,32,5
2793,32,5
2542,32,5
2297,32,5
161,32,5
97,32,5
2496,32,5
3568,32,1
520,32,5
2822,32,5
1054,32,5
1843,33,5
6767,33,5
2701,33,5
617,33,5
3551,33,5
1038,33,5
2619,33,5
2376,33,5
1818,33,5
6873,33,5
6224,33,5
168,33,5
6557,33,5
2962,33,5
6818,33,5
2509,33,5
1923,33,5
46,33,5
286,33,5
424,33,5
3190,33,5
64,33,5
2577,33,5
3669,33,5
1382,33,5
2721,33,5
2599,33,5
2506,33,5
3153,33,5
2592,33,5
2690,33,5
1464,33,5
3344,33,5
2490,33,5
1192,33,5
2989,33,5
2078,33,5
4454,33,5
299,33,5
2008,33,5
4565,33,5
3288,33,5
190,33,5
2065,33,5
4275,33,5
2413,33,5
1404,33,5
524,33,5
3121,33,5
3224,33,5
1438,33,5
4985,33,5
2681,33,4
741,33,3
1453,33,5
6923,33,5
2348,33,2
3004,33,5
1199,33,5
2136,33,5
890,33,5
793,33,5
5276,33,5
5817,34,5
2817,34,2
5857,34,1
2013,34,5
2513,34,3
2975,34,3
1757,34,4
5727,34,5
3335,34,4
4497,34,5
2174,34,5
519,34,4
108,34,2
214,34,3
3637,34,5
2064,34,3
1192,34,5
1359,34,5
278,34,5
2493,34,3
2928,34,5
1243,34,5
2219,34,1
2523,34,5
5325,34,5
330,34,5
928,34,5
3362,34,5
828,34,5
4627,34,4
375,34,5
1936,34,5
4711,34,3
3191,34,5
6118,34,5
3670,34,5
5028,34,5
1191,34,5
253,34,5
3085,34,5
3454,34,5
5094,34,5
6403,34,5
6925,34,5
1415,34,5
746,34,5
248,34,1
2700,34,5
5872,34,5
1885,34,4
438,34,5
837,34,5
3685,34,5
4432,34,5
2400,34,5
2633,34,5
6909,34,5
3178,34,5
312,34,5
1909,34,5
47,34,5
1655,34,1
3034,34,5
6442,34,5
1877,34,5
1168,34,3
6884,34,5
2893,34,5
5587,34,5
3229,34,4
6111,34,4
6540,34,5
3584,34,5
1019,34,4
1356,34,4
2743,34,5
2914,34,5
221,34,3
3103,34,5
6824,34,4
2189,34,5
4263,34,5
2420,34,5
1357,34,5
1965,34,5
780,34,4
31,34,5
1724,34,5
5690,34,5
859,34,4
708,34,5
4003,34,5
485,34,3
2379,34,5
2935,34,5
324,34,2
2819,34,5
5784,34,5
3231,34,5
3134,34,5
6405,34,5
4198,34,5
3774,34,5
2393,34,5
2557,34,5
1525,34,5
2980,34,5
2198,34,5
2381,34,5
3443,34,5
1217,34,5
1820,34,5
575,34,5
1926,34,3
551,34,5
2263,34,5
3260,34,2
5789,34,5
0,34,3
2765,34,2
1190,34,4
2398,34,3
2887,34,5
3019,34,5
2129,34,4
831,34,4
5231,34,5
1101,34,5
215,34,1
3136,34,5
2022,34,5
1093,34,1
2185,34,5
5367,34,3
1782,34,2
3101,34,5
1408,34,5
5792,34,5
3351,34,4
570,34,5
1730,34,5
6210,34,5
3002,34,5
1650,34,4
1313,34,5
1625,34,5
1420,34,4
1399,34,5
1947,34,4
1324,34,5
1767,34,5
143,34,5
4223,34,5
3041,34,5
2327,34,5
2103,34,5
1553,34,5
1338,34,5
6935,34,5
3448,34,4
2693,34,4
1045,34,3
3484,34,5
2876,34,4
4865,34,5
3358,34,5
1333,34,5
212,34,5
2739,34,5
3434,34,5
3285,34,5
3327,34,4
1745,34,5
1833,34,5
1644,34,5
178,34,5
1652,34,5
6957,34,5
1024,34,5
1297,34,5
4499,34,5
291,34,5
537,34,5
1299,34,5
678,34,5
3047,34,5
2190,34,4
3306,34,5
1976,34,5
5321,34,5
2231,34,5
3128,34,5
6804,34,5
584,34,5
6894,34,5
1342,34,5
1914,34,5
123,34,2
1509,34,5
2139,34,5
1282,34,1
882,34,5
2424,34,5
145,34,5
1712,34,3
3117,34,5
2405,34,5
4344,34,5
1450,34,5
3114,34,5
2741,34,5
1350,34,5
1318,34,5
673,34,5
2491,34,5
2458,34,5
3520,34,5
1697,34,5
2452,34,5
1202,34,5
2203,34,5
1686,34,5
6781,34,5
2335,34,4
2964,34,4
1475,34,5
2258,34,5
1452,34,5
3714,34,5
1946,34,4
1707,34,5
1515,34,5
2377,34,5
1868,34,5
844,34,5
1769,34,5
2314,34,5
3290,34,3
1271,34,5
355,34,5
4990,34,5
3537,34,5
5582,34,5
6358,34,5
1710,34,5
1240,34,5
786,34,5
1466,34,5
312,35,5
1508,35,3
1192,35,5
1144,35,5
3959,35,5
1873,35,5
6996,35,4
2830,35,5
1457,35,5
6396,35,5
6736,35,4
3605,35,5
2380,35,5
879,35,5
1396,35,3
2316,35,2
5709,35,5
478,35,5
2759,35,5
4438,35,5
433,35,5
5369,35,5
333,35,2
4508,35,5
3658,35,5
4517,35,5
1945,35,5
2406,35,5
3919,35,5
6226,35,5
2339,35,2
3210,35,2
2429,35,1
1898,35,5
4679,35,4
375,35,4
1661,35,5
1489,35,5
4978,35,5
2748,35,5
1256,36,5
1860,36,5
2823,36,3
1192,36,1
1564,36,5
1653,36,5
1716,36,5
2795,36,5
2974,36,5
5143,36,5
4785,36,5
2279,36,5
4953,36,5
1616,36,5
2616,36,5
2111,36,5
2259,36,5
1043,36,5
530,36,5
2803,36,1
3677,36,5
6526,36,5
2050,36,5
2173,36,5
2634,36,5
6284,36,5
73,36,5
3304,36,5
2552,36,5
2770,36,5
4609,36,5
82,36,5
35,36,5
1020,36,5
3338,36,5
5022,36,5
5330,36,5
75,36,5
5964,36,5
5629,36,5
3641,36,5
2329,36,5
1981,36,5
2014,36,5
1354,36,5
1423,36,5
5437,36,5
1449,36,5
3308,36,5
5393,36,5
964,36,5
3129,36,5
2010,36,5
3687,36,5
2804,36,5
3391,36,5
5255,36,5
1523,36,5
2157,36,5
2273,36,5
2704,36,5
1159,36,5
1386,36,5
2133,36,5
3416,36,5
874,36,5
3132,36,5
644,36,5
2117,37,5
5243,37,5
4636,37,5
5807,37,5
987,37,5
1558,37,5
1886,37,5
1192,37,5
986,37,5
2823,37,5
6487,37,5
1602,37,5
817,37,5
118,37,5
2183,37,5
3060,37,5
3356,37,5
2241,37,5
159,37,5
1730,37,5
3423,37,5
1218,37,5
2259,37,5
1579,37,4
5761,37,5
105,37,5
1021,37,5
6518,37,5
1465,37,5
2565,37,5
707,37,5
4009,37,5
3039,37,5
6294,37,5
182,37,5
2593,37,5
6463,37,5
289,37,5
6009,37,5
4979,37,5
1641,37,5
2590,37,5
4767,37,5
5259,37,5
2825,37,5
1003,37,5
6943,37,5
2167,37,5
1896,37,5
3508,37,5
4801,37,5
2859,37,5
1878,37,5
3500,37,5
1649,37,4
903,37,5
330,37,4
1087,37,4
1152,37,5
1834,37,5
715,37,5
2862,37,5
305,37,5
3411,37,5
489,37,5
5705,37,5
2517,37,5
1825,37,5
3531,37,5
6291,37,3
3691,37,5
6553,37,2
1316,37,5
4362,37,5
2434,37,3
784,37,1
6905,37,5
1969,37,5
4398,37,5
189,37,5
4321,37,5
2622,37,5
2789,37,5
1103,37,5
599,37,5
4169,37,5
813,37,5
5070,37,5
4525,37,5
896,37,5
386,37,5
977,38,5
978,38,5
979,38,5
852,38,1
3295,38,5
247,38,2
6369,38,3
934,38,5
2620,38,5
1948,38,5
5653,38,1
4940,38,5
2661,38,1
4055,38,5
6066,38,1
1192,38,5
6328,38,2
1156,38,5
1780,38,5
1993,38,5
7007,38,2
2558,38,5
391,38,5
6977,38,5
2798,38,5
1748,38,1
2303,38,2
2048,38,5
431,38,5
4358,38,2
1910,38,1
1222,38,1
1954,38,1
5101,38,1
5142,38,1
3133,38,1
895,38,5
2837,38,5
2436,38,5
5214,38,1
3263,38,5
2092,38,2
2500,38,5
1157,38,5
2054,38,5
5544,38,3
2114,38,5
2821,38,5
3363,38,5
6730,38,5
2768,38,5
250,38,5
2372,38,5
1371,38,5
3111,38,5
563,38,5
2465,38,5
2375,38,5
4493,38,5
342,38,5
2233,38,5
2979,38,5
698,38,1
1013,38,5
696,38,5
471,38,5
2788,38,5
4605,38,5
2703,38,5
2082,38,3
3988,38,5
553,38,5
5375,38,5
1633,38,5
1953,38,5
2005,39,5
3087,39,5
2293,39,5
4223,39,1
2461,39,5
3083,39,5
3540,39,5
3583,39,5
3369,39,5
3185,39,5
65,39,5
2476,39,5
2765,39,4
6625,39,5
2909,39,5
5756,39,5
719,39,5
1425,39,2
2287,39,5
2030,39,5
1223,39,5
6299,39,5
1621,39,1
508,39,5
3103,39,5
206,39,4
4711,39,3
5250,39,5
1817,39,1
1884,39,5
1031,39,4
2012,39,5
3456,39,5
1038,39,5
6203,39,5
307,39,5
2028,39,5
1192,39,4
2265,39,5
4061,39,5
3619,39,5
1456,39,5
972,39,4
1411,39,5
1400,39,5
2335,39,5
3382,39,5
1979,39,5
2863,39,5
428,39,5
2946,39,5
2508,39,5
2453,39,5
1337,39,5
1656,39,5
2018,39,5
2638,40,3
6011,40,3
1425,40,5
901,40,5
6006,40,2
2535,40,1
2903,40,2
2498,40,5
3221,40,2
3197,40,3
3705,40,4
4733,40,2
5876,40,5
3613,40,5
1257,40,1
490,40,1
3612,40,3
1358,40,1
1094,40,2
6306,40,2
6331,40,1
1863,40,5
443,40,3
2487,40,1
3340,40,2
3625,40,5
654,40,5
188,40,5
1737,40,1
1104,40,5
3232,40,5
2020,40,5
4750,40,5
3228,40,5
580,40,5
3541,40,5
6522,40,4
459,40,5
5240,41,5
1067,41,5
575,41,5
2365,41,5
2149,41,1
2823,41,5
3103,41,5
949,41,5
5598,41,5
3330,41,1
2451,41,5
6090,41,5
1610,41,5
3240,41,5
3099,41,1
3711,41,5
1014,41,5
3464,41,5
761,41,5
6883,41,5
2888,41,5
5551,41,5
2734,41,1
3847,41,5
1192,41,5
3286,41,5
4187,41,2
4189,41,5
6194,41,5
2955,41,5
2170,41,5
3530,41,5
479,41,5
306,41,5
5135,41,5
5905,41,1
3096,41,2
6314,41,5
5066,41,5
944,41,5
4795,41,5
2618,41,5
3563,41,5
2103,41,1
2456,41,1
1115,41,5
6895,41,5
3242,41,3
2608,41,5
5099,41,5
7020,41,1
1077,41,5
3397,41,2
1682,41,1
4850,41,2
474,41,5
4668,41,1
2537,41,1
158,41,5
818,41,5
3157,41,2
3614,41,1
5170,41,5
3616,41,1
6951,41,5
6718,41,5
1540,41,5
2809,41,5
534,41,5
1287,41,2
2678,41,1
6084,41,2
2059,41,5
3587,41,3
68,41,1
2378,41,1
6101,41,5
3315,41,5
462,41,3
4069,41,1
6858,41,2
3241,41,5
1985,41,1
3410,41,2
5252,41,5
2677,41,5
1619,41,5
651,41,1
2443,41,5
1112,41,5
5036,41,5
194,41,2
29,41,5
2867,41,5
2255,41,5
6092,41,5
2964,41,4
4264,41,5
1180,41,5
6746,41,5
5130,41,5
125,41,5
2095,41,5
686,41,5
4829,41,5
6801,41,5
2978,41,1
1775,41,1
6559,41,5
6481,41,5
252,41,1
1827,41,5
6642,41,5
1851,41,5
1238,41,5
1550,41,5
2683,41,5
3314,41,5
5225,41,2
1977,41,1
1205,41,5
1167,41,5
1617,41,5
340,41,5
4576,41,5
200,41,5
6238,41,1
5524,41,5
291,41,5
1615,41,5
2102,41,5
867,41,5
6139,41,5
884,41,5
2528,41,5
1576,41,5
347,41,5
2570,41,5
3644,41,5
3239,41,5
706,41,5
5795,41,5
2932,41,5
2251,41,5
1613,41,5
6759,41,1
2778,41,5
2631,42,5
2109,42,5
2802,42,5
1922,42,5
4841,42,5
5054,42,5
783,42,5
2949,42,5
4760,42,5
689,42,5
6993,42,5
643,42,5
2756,42,2
2195,42,5
3790,42,5
880,42,1
985,42,5
2777,42,5
153,42,5
6313,42,5
3533,42,5
1190,42,5
7004,42,1
5100,43,4
4203,43,5
1991,43,4
6867,43,5
394,43,5
749,43,3
4350,43,5
1041,43,1
2533,43,5
3489,43,4
2899,43,5
962,43,4
5237,43,5
2007,43,5
1528,43,5
2306,43,3
3638,43,3
6254,43,5
3253,43,5
918,43,5
3733,43,5
1137,43,5
910,43,5
612,43,2
449,43,2
4274,43,4
473,43,5
2623,43,5
3618,43,5
601,43,5
1192,43,5
2256,43,5
916,43,5
917,43,1
4042,43,2
980,43,1
2931,43,5
7025,43,5
2828,43,5
6836,43,5
6715,43,5
6163,43,5
6793,43,5
5029,43,5
5084,43,5
6970,43,4
2311,43,5
3538,43,1
1305,43,5
2098,43,1
6100,43,5
5098,43,5
3816,43,5
6972,43,5
4774,43,5
3794,43,5
5999,43,5
4083,43,4
4262,43,5
2249,43,5
5403,43,5
5462,43,5
4815,43,5
4242,43,5
4115,43,5
4837,43,4
6514,43,5
3751,43,5
5179,43,5
5788,43,4
6262,43,5
5882,43,5
1028,43,5
7006,43,5
5141,43,3
1872,43,1
3904,43,5
5889,43,5
3860,43,5
5104,43,5
4335,43,5
6826,43,5
5363,43,5
6013,43,5
5157,43,5
3333,43,1
4161,43,5
6168,43,5
6196,43,5
5418,43,5
5128,43,3
6594,43,5
5895,43,5
6368,43,5
4230,43,5
3996,43,5
6150,43,5
4914,43,5
4441,43,5
6155,43,5
1969,43,4
6010,43,5
6145,43,5
6638,43,5
4983,43,5
3808,43,5
6044,43,5
6656,43,5
6158,43,5
4951,43,5
3929,43,5
5636,43,5
4342,43,5
358,43,5
5952,43,5
6230,43,5
4932,43,5
3942,43,5
7023,43,5
5599,43,4
6601,43,5
354,43,5
6788,43,4
4333,43,5
4742,43,3
5064,43,5
4397,43,5
6073,43,5
5939,43,5
208,43,3
6225,43,5
4361,43,5
3485,43,5
6991,43,5
4590,43,5
5886,43,5
6806,43,5
5092,43,4
5185,43,5
5865,43,5
4158,43,5
4935,43,5
3945,43,5
6665,43,1
4463,43,5
4038,43,4
5575,43,5
4580,43,5
4506,43,5
3724,43,5
6273,43,5
5415,43,5
6845,43,5
4888,43,5
4233,43,5
4819,43,5
4930,43,5
5175,43,5
6440,43,5
4259,43,5
4093,43,5
2785,43,5
6277,43,5
5808,43,5
5436,43,5
5649,43,5
5500,43,5
4415,43,5
5169,43,5
4613,43,5
5859,43,4
6840,43,5
4236,43,4
5358,43,5
3801,43,5
6113,43,5
6439,43,5
5207,43,5
3923,43,5
6512,43,4
6014,43,2
1531,43,5
6282,43,5
5541,43,5
5173,43,5
4139,43,5
5869,43,5
6363,43,5
4018,43,5
5126,43,5
6489,43,5
129,43,5
4851,43,5
4843,43,5
6617,43,5
4960,43,5
5061,43,5
4534,43,5
4023,43,5
5112,43,5
6931,43,5
848,43,5
6449,43,5
4348,43,5
4095,43,5
5040,43,5
3924,43,5
7022,43,5
5423,43,5
3968,43,5
5314,43,4
6027,43,5
2609,43,5
5041,43,5
4592,43,5
6154,43,5
2612,43,5
375,43,5
1426,43,2
3705,43,5
726,43,5
3105,44,5
510,44,5
2386,44,5
4621,44,5
4059,44,2
2011,44,2
173,44,5
6241,44,2
1840,44,5
1791,44,2
3513,44,5
245,44,3
994,44,5
3561,44,1
529,44,5
749,44,5
1530,44,4
4126,44,5
1279,44,5
3772,44,5
2146,44,5
6651,44,3
1192,44,4
296,44,5
49,44,3
1259,44,1
4711,44,5
790,44,1
2944,44,5
2351,44,3
5002,44,5
2865,44,5
856,44,3
5285,44,5
1864,44,5
5666,44,5
2121,44,3
1120,44,5
6956,44,1
6744,44,5
2720,44,1
6303,44,2
6936,44,5
6031,44,5
5934,44,5
4311,44,4
3475,44,5
2038,44,5
2266,44,2
3413,44,2
6149,44,5
3200,44,5
3343,44,5
5298,44,5
6532,44,5
3057,44,5
5357,44,5
3467,44,5
477,44,5
4089,44,5
3560,44,4
3741,44,5
5405,44,5
22,44,5
322,44,5
5190,44,5
6660,44,5
4669,44,5
2206,44,2
5929,44,4
6357,44,5
6599,44,5
4163,44,5
4634,44,5
2591,44,5
5111,44,4
5688,44,5
6029,44,5
6997,44,5
6425,44,5
6777,44,5
2610,44,5
4775,44,5
5181,44,4
6695,44,4
1425,44,4
30,44,5
4835,44,5
6475,44,5
5106,44,4
5510,44,5
6461,44,5
2364,44,5
6786,44,5
4078,44,5
2656,44,5
3822,44,5
5662,44,5
430,44,5
6812,44,4
6427,44,5
4886,44,5
4741,44,5
6700,44,5
4246,44,4
5096,44,5
1934,44,5
5495,44,5
5348,44,5
5673,44,5
5474,44,4
6102,44,5
6626,44,5
5484,44,5
6567,44,4
4405,44,5
3759,44,5
5475,44,5
6810,44,5
6828,44,5
2667,44,3
297,44,3
6052,44,5
6302,44,4
6133,44,5
5023,44,5
1133,44,2
5811,44,5
3668,44,5
6456,44,5
3965,44,4
3539,44,5
5176,44,5
4658,44,5
6466,44,5
6119,44,5
3972,44,5
4663,44,5
6046,44,5
4708,44,5
4959,44,5
4571,44,5
5721,44,5
3891,44,5
5315,44,5
5871,44,3
1106,44,1
4440,44,5
5412,44,5
6508,44,5
3871,44,5
5072,44,5
5144,44,5
4947,44,5
5107,44,5
5379,44,5
3949,44,3
6533,44,5
6885,44,3
6825,44,4
4289,44,5
5411,44,5
5108,44,5
5410,44,5
6200,44,5
1723,44,1
5971,44,5
7009,44,5
4172,44,4
4721,44,5
6741,44,5
3824,44,5
5961,44,5
230,44,5
4967,44,5
5343,44,4
4820,44,5
1153,44,1
4720,44,5
4747,44,5
4732,44,5
4314,44,5
4547,44,5
5995,44,5
6629,44,5
1244,44,5
6506,44,5
5097,44,5
3610,44,5
5832,44,5
3716,44,5
5931,44,5
142,44,5
3770,44,4
5767,44,3
3725,44,5
6615,44,5
5383,44,5
4012,44,3
6125,44,5
2236,44,5
3838,44,5
4234,44,4
5644,44,5
6921,44,5
6136,44,5
6397,44,5
4635,44,5
5907,44,5
5674,44,5
3025,44,5
6994,44,5
5268,44,5
4096,44,5
4071,44,4
5564,44,5
6630,44,5
1601,44,5
6621,44,4
6896,44,5
2140,44,5
6060,44,5
6612,44,5
2245,44,5
6835,44,4
5030,44,5
5049,44,5
1648,44,5
5012,44,5
4514,44,5
17,44,5
3735,44,5
6802,44,5
6673,44,5
3856,44,5
6198,44,5
2868,44,5
5485,44,5
4031,44,5
5732,44,5
5745,44,5
6300,44,5
6952,44,5
932,44,5
4879,44,5
2228,44,5
6099,44,5
5537,44,5
6471,44,5
86,44,5
6055,44,5
4127,44,5
5656,44,5
7024,44,5
4702,44,5
4916,44,5
6768,44,5
5574,44,3
146,44,5
213,44,5
5997,44,5
6714,44,5
4608,44,5
6480,44,5
6040,44,5
6933,44,3
5878,44,5
5355,44,5
5776,44,5
1119,44,5
6519,44,5
5449,44,5
3483,44,5
4755,44,5
5639,44,5
6421,44,5
5712,44,4
6778,44,5
3001,44,5
5982,44,4
3757,44,5
4128,44,5
5941,44,5
6063,44,5
1549,44,5
6578,44,5
5645,44,4
4699,44,5
4483,44,5
6521,44,5
5284,44,5
756,44,5
3875,44,3
5213,44,5
4001,44,4
6180,44,5
4201,44,5
5976,44,5
670,44,5
5422,44,3
5998,44,5
4209,44,2
1374,44,5
4745,44,5
4727,44,5
3261,44,5
4548,44,5
1604,44,5
4867,44,5
6667,44,5
4141,44,5
3982,44,5
6494,44,4
4114,44,5
102,44,5
6524,44,5
1370,44,5
6770,44,5
2807,44,5
1899,44,5
6738,44,5
6206,44,4
5726,44,4
6088,44,5
3720,44,2
6414,44,5
5382,44,5
6248,44,5
863,44,1
3336,44,5
4729,44,5
5481,44,5
6393,44,5
5328,44,5
4417,44,5
1817,44,5
5902,44,5
4379,44,5
6821,44,4
1213,44,3
3989,44,4
6590,44,5
3845,44,5
6172,44,5
6842,44,5
4877,44,5
5968,44,4
5024,44,5
5432,44,5
6807,44,5
5533,44,5
6261,44,5
3791,44,5
6517,44,5
3946,44,5
6295,44,5
4313,44,5
5086,44,5
2504,44,5
4485,44,5
6166,44,5
4679,44,5
5453,44,5
6098,44,5
4091,44,5
4280,44,5
5638,44,5
6081,44,5
554,44,4
1949,44,5
4144,44,4
4051,44,5
3863,44,4
162,44,5
4780,44,5
841,44,5
4588,44,5
5277,44,5
5560,44,5
4532,44,5
6999,44,5
4125,44,5
5385,44,5
6597,44,5
6211,44,5
4224,44,3
5236,44,5
5489,44,5
5954,44,5
6120,44,5
71,44,5
3776,44,5
6349,44,5
6465,44,4
2604,44,5
3940,44,5
5698,44,5
6530,44,5
6636,44,5
4858,44,5
2707,44,5
4434,44,5
3913,44,5
4084,44,4
5409,44,5
4553,44,5
6505,44,5
5202,44,5
6185,44,4
4896,44,5
4323,44,4
3663,44,2
4628,44,5
5843,44,5
6580,44,5
5132,44,5
899,44,5
5361,44,5
5641,44,5
5962,44,5
5713,44,4
3814,44,5
4124,44,5
4560,44,5
6710,44,5
5467,44,5
3967,44,5
4838,44,5
5147,44,5
4695,44,3
3218,44,5
1066,44,5
4570,44,5
7017,44,5
6038,44,5
5885,44,5
4898,44,5
5466,44,5
5743,44,5
6617,44,5
4753,44,5
4544,44,5
4910,44,5
5928,44,5
4412,44,4
126,44,5
3884,44,5
5274,44,5
5400,44,5
4491,44,5
6473,44,5
4528,44,3
6008,44,5
3786,44,5
4734,44,4
5983,44,5
3515,44,5
4555,44,5
1555,44,5
3812,44,5
6059,44,5
5570,44,5
4479,44,5
4476,44,5
4300,44,5
6789,44,5
4572,44,5
4706,44,4
1883,44,5
6560,44,5
3873,44,5
4625,44,5
7010,44,5
3840,44,5
5492,44,5
5818,44,5
5949,44,5
5951,44,5
5499,44,3
6961,44,5
4465,44,5
4527,44,5
1015,44,5
6085,44,5
1049,44,5
5565,44,5
5559,44,5
4765,44,5
6268,44,5
4334,44,5
5837,44,5
5992,44,5
3887,44,5
3419,44,5
5973,44,5
5158,44,5
5585,44,5
4670,44,5
6613,44,5
6350,44,5
5279,44,5
5407,44,4
5377,44,5
3651,44,5
5718,44,5
5350,44,5
5386,44,5
6002,44,5
3164,44,5
4241,44,5
5352,44,5
6717,44,5
3777,44,5
4941,44,5
4024,44,5
6346,44,5
6800,44,5
3844,44,5
4048,44,5
5786,44,5
85,44,5
1955,44,5
5460,44,5
4678,44,5
6930,44,5
4923,44,5
4977,44,5
3957,44,5
5649,44,5
3511,44,5
5324,44,5
6141,44,5
1888,44,5
5210,44,5
4099,44,4
5753,44,5
1346,44,5
5874,44,5
5806,44,5
3991,44,5
5424,44,5
6946,44,5
4952,44,5
1388,44,5
4004,44,5
1381,44,5
2524,44,5
6378,44,5
4321,44,5
321,44,5
5648,44,5
5310,44,5
165,44,5
5681,44,4
6429,44,5
6706,44,5
6596,44,4
5621,44,5
5790,44,5
3749,44,4
4480,44,5
3081,44,5
2923,44,5
272,44,5
4655,44,5
6764,44,4
3487,44,5
295,44,5
1037,44,5
348,44,5
1878,44,4
572,44,5
1675,44,5
3660,44,5
5854,44,5
2766,44,5
3110,44,5
4961,44,5
960,44,5
2197,44,5
1057,44,5
4599,44,5
2645,44,5
667,44,5
2447,44,5
5055,44,5
4633,44,5
2966,44,5
866,44,5
2426,44,5
2202,44,5
1460,44,5
4216,44,4
6078,44,5
2134,44,5
6870,44,5
2419,45,5
460,45,5
3527,45,5
4731,45,5
2580,45,5
1192,45,5
2823,45,5
2881,45,2
3093,45,1
4103,45,3
34,45,3
374,45,5
1047,45,5
4701,45,5
2965,45,5
5013,45,5
2747,46,5
1284,46,5
5579,46,5
1499,46,5
3371,46,1
4171,46,5
871,46,5
2625,46,5
2756,46,1
1132,46,2
244,46,1
269,46,5
407,46,3
3175,46,5
4174,46,5
3532,46,1
6716,46,4
1758,46,5
3681,46,5
4442,46,5
5294,46,5
2384,46,4
2933,46,5
5051,46,5
2797,46,4
627,46,5
3353,46,2
710,46,5
4893,46,5
517,46,5
1702,46,5
6711,46,5
3689,46,5
451,46,5
5189,46,5
1447,46,5
2352,46,5
2823,46,5
1414,46,5
1879,46,5
953,46,1
3497,46,5
2862,46,1
2794,46,1
2629,46,5
1918,46,3
2791,46,4
2026,46,3
368,46,1
77,46,5
2902,46,2
1811,46,2
671,46,5
935,46,3
2940,46,4
897,46,2
1393,46,5
5646,46,5
180,46,5
4138,46,2
849,46,5
3116,46,5
4798,46,5
5227,46,2
3665,46,5
6606,46,1
3022,46,5
3557,46,5
1503,46,1
2187,46,5
1192,46,3
6128,46,2
5329,46,5
3279,46,5
163,46,5
3179,46,5
3355,46,5
1458,46,5
6293,46,5
821,46,5
2858,46,5
1820,46,5
2852,46,5
3755,46,1
1962,46,5
6242,46,5
6747,46,1
1069,46,5
2286,46,3
703,46,1
2589,46,5
868,46,5
1032,46,5
3049,46,1
4087,46,1
1200,46,2
1672,46,5
3684,46,4
1063,46,5
1089,46,5
1730,46,2
2446,46,5
3345,46,1
1771,46,5
1829,46,5
32,46,5
3514,46,1
2654,46,5
3575,46,2
1165,46,1
3708,46,5
948,46,5
2389,46,5
1853,46,5
593,46,2
2936,46,5
730,46,5
562,46,4
799,46,5
4193,46,5
3554,46,3
204,46,5
58,46,5
1469,46,1
5015,46,3
4523,46,5
1319,46,5
1746,46,5
2835,46,5
6679,46,5
2937,46,5
6504,46,5
560,46,1
6375,46,5
939,46,2
290,46,5
13,46,5
3631,46,5
2671,46,5
3359,46,5
2096,46,5
2464,46,5
1190,46,4
927,46,5
1598,46,5
2832,46,5
2217,46,5
2224,46,5
936,46,5
256,46,5
769,46,5
6219,46,5
4966,46,5
376,46,5
4197,46,5
2243,46,5
69,46,5
549,46,5
2774,46,5
1410,46,5
3462,46,5
2442,46,5
6663,46,5
4612,46,5
3652,46,5
1232,46,5
3214,46,5
1753,46,5
2763,46,5
1344,46,5
1110,46,5
3151,46,5
1151,46,5
282,46,5
38,46,5
1674,46,5
1694,46,5
3595,46,5
1943,47,5
1192,47,5
5241,47,5
1913,47,5
5829,47,5
947,47,5
141,47,5
2988,47,5
3672,47,2
1227,48,1
1162,48,5
1192,48,5
1389,48,5
4566,48,5
4818,48,5
2850,48,5
604,48,5
4,48,5
2996,48,5
1416,48,5
3446,48,5
1263,48,5
6171,48,5
6138,48,5
4790,48,5
435,48,5
2222,48,5
712,48,5
1637,48,5
1642,48,5
2010,48,5
3392,48,5
1920,48,5
1046,48,2
2628,48,5
6323,49,3
312,49,4
42,49,5
1779,49,5
1192,49,3
1685,49,5
1747,49,5
6922,49,5
2448,49,3
2395,49,5
1021,49,2
1343,49,5
1394,49,5
4723,49,5
1806,49,5
1155,49,5
2503,49,5
4958,49,3
6904,49,5
691,49,5
2814,49,2
287,49,5
2345,49,5
5469,49,5
4468,49,5
2818,49,5
1817,49,5
1427,49,5
2483,49,5
464,49,5
3639,49,5
2221,49,3
2274,49,5
573,49,5
2199,49,4
4047,49,4
1536,49,5
2089,49,5
3659,49,5
4629,49,1
2502,49,2
2566,49,5
1669,49,4
1074,49,5
6558,49,2
953,49,5
5504,49,5
6064,49,5
2351,49,5
1683,49,5
3481,49,5
834,49,4
919,49,5
1445,49,3
5610,49,5
308,49,5
533,49,5
6,49,5
5045,49,5
3373,49,4
2602,49,2
5005,49,5
1084,49,2
5192,49,5
5612,49,5
1789,49,4
536,49,5
84,49,5
2155,49,5
4936,49,5
2758,49,5
3375,49,5
3472,49,5
2123,49,5
6108,49,5
1731,49,5
3676,49,5
6208,49,5
5669,49,5
2276,49,5
3385,49,5
2908,49,5
1788,49,5
139,49,5
515,49,5
3432,49,5
1996,49,5
5701,49,5
2299,49,5
2341,49,5
3754,49,5
6661,49,5
1216,49,5
4195,49,5
140,50,1
6359,50,2
3488,50,1
3737,50,1
2823,50,1
44,50,1
1428,50,1
2454,50,1
2284,50,1
937,50,1
3961,50,2
316,50,1
4648,50,1
2307,50,1
1711,50,1
1314,50,1
6305,50,1
2227,50,1
4177,50,2
2538,50,1
1369,50,1
3086,50,1
1841,50,1
5066,50,1
1192,50,5
44,50,1
3968,50,3
1902,50,1
611,50,1
3061,50,1
5738,50,2
815,50,3
1608,50,2
67,50,1
4957,50,3
3038,50,1
1660,50,2
3054,50,3
676,50,2
3206,50,3
2806,50,1
2346,50,4
749,50,3
6934,50,1
653,50,1
6983,50,4
6385,50,1
1668,50,1
218,50,1
1304,50,1
2586,50,3
6971,50,1
4163,50,2
701,50,1
1226,50,1
1002,50,1
5447,50,1
3183,50,2
3142,50,1
502,50,1
3752,50,2
2601,50,1
2040,50,2
2090,50,5
3090,50,5
646,50,1
668,50,1
6985,50,1
6887,50,1
39,50,1
975,50,1
343,50,1
2230,50,5
2810,50,1
1402,50,1
4602,50,1
854,50,2
4466,50,5
1006,50,5
4925,50,1
1867,50,1
3329,50,1
1355,50,1
2848,50,3
2009,50,2
5937,50,5
3267,50,1
1215,50,5
1000,50,5
888,50,2
1417,50,1
54,50,5
908,50,2
1492,50,1
1908,50,1
4992,50,2
845,50,2
3653,50,2
325,50,1
1735,50,1
1497,50,2
577,50,1
521,50,1
4469,50,1
252,50,1
3052,50,1
3255,50,5
101,50,2
264,50,1
2363,50,3
1478,50,4
3297,50,1
838,50,1
3451,50,1
997,50,2
2422,50,4
762,50,1
4817,50,5
6988,50,1
2147,50,2
329,50,2
2193,50,1
6186,50,5
1663,50,1
3740,50,1
3914,50,2
59,50,5
5218,50,5
138,50,1
6043,50,1
990,50,1
1252,50,1
14,50,2
1141,50,3
5890,50,2
395,50,1
88,50,1
241,50,1
450,50,2
2689,50,1
1704,50,1
2021,50,2
2397,50,2
2902,50,2
2724,50,2
995,50,1
3220,50,4
2593,50,4
2919,50,2
1551,50,1
2782,50,2
1556,50,1
4046,50,1
2469,50,1
400,50,5
3409,50,1
367,50,1
829,50,1
2615,50,2
1501,50,1
628,50,1
6537,51,5
1192,51,5
4367,51,5
2951,51,5
2922,51,5
1149,51,5
3737,51,5
3036,51,5
1944,51,5
3381,51,5
258,51,5
3422,51,5
579,51,5
26,51,5
238,51,5
2309,51,5
3394,51,5
382,51,5
2841,51,5
240,51,5
5,51,5
1895,51,5
2918,51,5
3502,51,5
3690,51,5
37,51,5
5066,51,5
3323,51,5
3437,51,5
2726,51,5
2060,51,5
236,51,5
2948,51,5
2177,51,5
309,51,5
199,51,5
3641,51,5
273,51,5
3331,51,5
2884,51,5
2585,51,5
2184,51,5
5020,51,5
2548,51,5
1044,51,5
95,51,3
2769,51,5
3050,51,1
2349,51,5
2182,51,5
758,51,5
2104,51,5
4404,51,5
55,51,5
3674,51,5
4545,51,5
690,51,5
3978,51,5
2675,51,5
3165,51,5
997,51,5
5938,51,5
2392,51,5
1079,51,5
4145,51,5
1893,51,2
1677,51,1
603,51,5
5076,51,5
1927,51,5
1208,51,5
1783,51,5
1349,51,5
2650,51,5
1819,51,5
926,51,5
2396,51,5
1581,51,5
3438,51,5
57,51,3
331,51,3
898,51,5
5850,51,5
684,51,5
1339,51,5
3048,51,4
3765,51,5
2402,51,5
1687,51,5
1688,51,5
4150,51,5
265,51,5
2212,51,5
1679,51,5
674,51,5
2800,51,4
1852,51,5
6954,51,5
1810,51,5
5785,51,1
2659,51,5
1638,51,5
1974,51,5
1678,51,4
6975,51,3
3065,51,5
906,51,5
1849,51,5
955,51,5
6782,51,5
1631,51,5
2547,51,5
1390,51,5
3598,51,5
2780,51,5
3174,51,5
6263,51,5
757,51,5
2801,51,5
2322,52,5
2244,52,5
477,52,3
1987,52,4
1378,52,5
279,52,2
132,52,1
2383,52,5
2261,52,5
1880,52,5
1773,52,5
3289,52,5
2347,52,1
556,52,5
5617,52,3
749,52,3
2271,52,2
1974,52,4
6927,52,3
1186,52,3
401,52,5
2192,52,3
3617,52,1
753,52,1
543,52,2
2641,52,1
2915,52,5
1385,52,5
5295,52,1
3627,52,2
2472,52,5
1306,52,3
5288,52,1
5490,52,1
1497,52,2
839,52,1
1192,52,3
3703,52,1
2061,52,2
2729,52,1
2049,52,1
2478,52,1
4168,52,5
6916,52,5
2890,52,5
3256,52,5
1714,52,5
1413,52,5
3264,52,5
1980,52,1
1163,52,5
384,52,1
1348,52,5
3282,52,5
195,52,5
4543,52,1
2475,52,2
344,52,5
3564,52,1
4966,52,5
594,52,5
2294,52,5
6499,52,1
124,53,2
3012,53,2
287,53,2
2355,53,3
1978,53,5
123,53,2
1192,53,4
4878,53,3
5616,53,1
2750,53,3
3621,53,1
2981,53,3
4389,53,2
892,53,3
2323,53,3
3406,53,2
3076,53,2
6362,53,5
4700,53,3
2643,53,5
2367,53,2
1790,53,5
6926,53,2
1051,53,4
3163,53,2
2084,53,3
2052,53,5
3707,53,5
5597,53,2
5893,53,3
2855,53,1
432,53,5
681,53,1
1859,53,4
634,53,5
1892,53,3
1142,53,1
1590,53,3
1487,53,1
2499,53,3
3431,53,4
1295,53,5
5090,53,5
1552,53,2
3311,53,3
2783,53,3
5699,53,5
4278,53,2
6862,53,5
5826,53,4
5736,53,1
1060,53,3
1807,53,5
1433,53,1
6106,53,3
3376,53,1
1538,53,5
2828,53,5
1061,53,5
2272,53,2
953,53,4
2394,53,2
336,53,2
4551,53,5
2467,53,3
1474,53,1
260,53,1
3590,53,5
6748,53,5
3546,53,2
1575,53,3
2598,53,5
1524,53,4
2484,53,5
2900,53,3
3447,53,3
973,53,5
1847,53,3
3441,53,3
3384,53,4
3611,53,5
480,53,4
1367,53,3
1039,53,5
6854,53,3
4744,53,5
4260,53,5
2404,53,1
3000,53,5
2593,53,4
3927,53,5
528,53,5
5529,53,3
3188,53,5
1379,53,2
6645,53,5
2723,53,5
2784,53,5
6908,53,5
4135,53,5
2015,53,5
5822,53,5
1937,53,5
262,53,5
1756,53,5
1224,53,5
2716,53,5
1147,54,5
1919,54,5
3365,54,5
1430,54,2
1192,54,2
4170,54,5
3291,54,5
3455,54,5
3270,54,2
953,54,2
2085,54,4
6067,54,5
1817,54,2
89,54,4
699,54,5
184,54,5
2761,54,5
197,54,5
1114,54,5
1052,54,2
1512,54,5
2029,54,5
461,54,5
1703,54,5
3819,54,5
293,54,1
6333,54,1
4352,54,5
679,54,5
650,54,5
492,54,4
2828,54,4
1441,54,5
798,54,5
819,54,5
1643,54,5
409,54,5
1081,54,1
78,54,5
2200,54,5
5908,54,5
5858,54,2
1667,54,5
1612,54,5
2626,54,5
2431,54,5
3037,54,5
1491,54,5
970,54,5
6903,54,5
353,54,5
1078,54,5
2214,54,5
716,54,5
6153,54,5
5593,54,5
1099,55,3
825,55,3
846,55,5
456,55,3
3347,55,3
575,55,3
5769,55,3
1952,55,3
619,55,2
6928,55,5
2416,55,3
1620,55,5
2597,55,3
166,55,3
2310,55,2
5052,55,4
1050,55,5
961,55,4
2105,55,3
6423,55,3
3779,55,3
3020,55,2
2209,55,3
2929,55,5
207,55,3
6407,55,3
4804,55,3
1527,55,5
3126,55,3
3028,55,5
4690,55,1
1784,55,4
2485,55,5
378,55,5
893,55,5
3211,55,4
1192,55,5
468,55,5
1632,55,4
1221,55,2
1670,55,3
1127,55,5
3383,55,5
1242,55,5
1109,55,5
3140,55,4
2543,55,5
1096,55,4
1038,55,5
1891,55,3
6888,55,5
2632,55,5
2178,55,5
1861,55,5
1086,55,4
2956,55,5
1634,55,3
2069,55,4
283,55,5
76,55,5
636,55,4
3045,55,5
83,55,5
5013,55,5
1248,55,4
2093,55,5
1878,55,3
2361,55,5
3155,55,5
1839,55,5
2593,55,4
1479,55,5
1203,55,5
5287,55,5
2990,55,5
390,55,4
4927,55,5
436,55,5
6165,55,5
4451,55,5
2553,55,5
1265,55,5
318,55,5
652,55,5
2370,55,4
1507,55,5
1960,55,5
1462,55,5
3728,55,5
2574,55,5
3276,55,5
2417,55,5
3294,55,5
736,56,5
3349,56,5
2144,56,5
3656,56,5
1192,56,5
4399,56,5
514,56,2
6632,56,3
2226,56,5
3536,56,5
1719,56,5
1596,56,5
3089,56,5
2342,56,5
3192,56,5
2762,56,5
4070,56,5
7003,56,5
1071,56,5
